ID_Pozycja,Ilosc_opakowan,ID_Produkt,ID_Zamowienie
1,45,2,1
2,51,93,1
1,21,66,2
2,93,100,2
1,80,85,3
2,75,43,3
3,70,93,3
4,80,53,3
5,17,31,3
6,60,7,3
7,62,49,3
8,76,60,3
1,5,2,4
2,42,64,4
3,0,99,4
4,62,27,4
5,69,100,4
6,25,72,4
7,0,38,4
8,65,19,4
9,62,38,4
1,32,78,5
2,11,42,5
3,92,60,5
4,36,10,5
1,63,94,6
2,32,95,6
3,64,83,6
4,49,94,6
5,89,81,6
6,29,89,6
7,96,43,6
8,59,43,6
1,12,11,7
2,100,91,7
3,51,5,7
1,0,1,8
2,56,86,8
3,95,48,8
1,10,32,9
2,91,83,9
1,22,42,10
2,0,74,10
3,26,39,10
4,32,86,10
5,54,6,10
6,61,8,10
1,87,93,11
2,6,18,11
3,86,49,11
4,80,75,11
5,100,91,11
6,0,5,11
7,31,26,11
8,23,74,11
9,33,50,11
1,9,43,12
2,66,48,12
3,9,21,12
4,51,94,12
5,36,98,12
6,63,15,12
7,19,65,12
8,34,98,12
1,35,33,13
2,22,66,13
3,100,24,13
4,97,94,13
5,78,14,13
6,28,36,13
7,45,84,13
8,74,89,13
9,79,67,13
10,84,47,13
1,0,44,14
2,31,92,14
3,18,43,14
4,6,66,14
5,38,95,14
6,7,73,14
7,73,30,14
1,24,56,15
2,78,58,15
3,25,32,15
4,27,3,15
5,80,8,15
6,39,96,15
7,92,34,15
8,19,9,15
9,34,81,15
1,60,94,16
2,33,18,16
1,77,32,17
2,25,19,17
3,0,30,17
4,94,27,17
5,51,35,17
6,93,84,17
1,67,42,18
2,0,14,18
3,58,96,18
4,80,71,18
1,15,58,19
2,22,71,19
3,83,78,19
4,30,59,19
5,49,95,19
6,0,37,19
7,14,25,19
8,5,49,19
1,83,78,20
2,18,62,20
3,37,12,20
1,39,52,21
2,20,16,21
1,88,23,22
2,13,89,22
3,87,72,22
4,13,73,22
5,22,59,22
6,41,7,22
7,16,42,22
8,93,54,22
9,22,57,22
1,94,21,23
2,85,96,23
3,73,29,23
4,99,87,23
5,48,52,23
6,30,17,23
1,85,78,24
2,64,30,24
3,82,8,24
4,61,89,24
5,0,8,24
1,26,62,25
2,15,98,25
3,16,67,25
4,13,77,25
5,30,35,25
6,82,20,25
1,63,82,26
2,48,76,26
3,16,42,26
4,47,89,26
5,41,76,26
6,37,19,26
7,37,41,26
1,62,93,27
2,14,100,27
3,85,41,27
4,19,22,27
5,99,31,27
6,49,47,27
1,51,58,28
2,23,36,28
3,48,24,28
4,36,64,28
5,95,84,28
6,7,21,28
7,87,95,28
8,14,39,28
9,13,61,28
10,90,94,28
1,11,50,29
2,81,95,29
3,54,79,29
1,64,17,30
2,83,10,30
3,45,20,30
1,7,39,31
2,42,66,31
3,0,27,31
4,50,77,31
5,31,62,31
6,51,83,31
7,23,74,31
1,70,25,32
2,53,100,32
3,42,94,32
4,0,86,32
1,35,73,33
2,55,17,33
3,0,11,33
4,6,8,33
5,42,85,33
6,36,24,33
1,21,18,34
2,43,95,34
3,92,26,34
4,67,14,34
5,85,35,34
6,99,66,34
7,48,25,34
8,42,61,34
9,93,5,34
10,76,22,34
1,0,38,35
2,50,100,35
3,46,35,35
4,30,45,35
5,91,62,35
6,17,21,35
7,35,8,35
8,91,42,35
9,62,69,35
1,60,27,36
2,45,13,36
3,100,60,36
4,15,96,36
5,98,6,36
6,48,91,36
1,59,23,37
2,41,60,37
3,84,67,37
4,71,39,37
5,56,78,37
6,32,85,37
7,57,40,37
8,84,33,37
9,17,12,37
1,32,82,38
2,87,9,38
3,61,55,38
4,94,85,38
5,0,59,38
6,67,100,38
7,25,64,38
8,10,3,38
9,13,100,38
10,6,56,38
1,79,22,39
2,55,88,39
3,12,60,39
4,31,22,39
5,58,51,39
6,97,76,39
7,26,53,39
8,98,94,39
9,50,18,39
10,64,5,39
1,65,31,40
2,63,55,40
3,7,77,40
4,67,33,40
5,71,99,40
6,16,56,40
7,32,2,40
8,37,15,40
9,80,55,40
1,62,37,41
2,95,5,41
3,74,85,41
4,6,99,41
5,65,8,41
6,91,60,41
7,29,10,41
8,53,99,41
1,96,77,42
2,84,73,42
3,61,12,42
4,51,60,42
5,89,12,42
6,79,74,42
7,89,61,42
1,11,61,43
2,6,92,43
1,58,34,44
2,33,70,44
3,0,86,44
4,73,12,44
5,54,28,44
1,74,32,45
2,86,65,45
3,81,71,45
4,59,35,45
5,94,85,45
6,91,94,45
7,73,11,45
8,39,66,45
1,23,39,46
2,99,13,46
3,66,90,46
4,64,84,46
5,92,22,46
6,75,19,46
7,62,10,46
8,54,65,46
9,25,35,46
1,24,82,47
2,58,33,47
3,68,32,47
4,0,10,47
5,35,89,47
1,48,53,48
2,37,39,48
1,31,58,49
2,67,63,49
3,33,86,49
4,88,28,49
5,18,56,49
6,55,66,49
7,50,43,49
1,46,65,50
2,73,24,50
3,92,97,50
4,17,26,50
5,26,48,50
6,19,34,50
7,91,92,50
1,74,31,51
2,29,35,51
3,17,74,51
1,25,16,52
2,16,33,52
3,99,56,52
1,87,54,53
2,16,74,53
3,27,36,53
4,52,67,53
5,89,59,53
6,39,92,53
7,18,60,53
1,48,88,54
2,90,66,54
1,99,40,55
2,68,69,55
3,31,86,55
4,12,47,55
5,0,93,55
6,30,41,55
1,33,91,56
2,82,91,56
3,29,70,56
4,0,30,56
5,86,47,56
1,8,99,57
2,47,35,57
3,55,83,57
4,23,28,57
5,85,75,57
6,65,32,57
7,40,50,57
8,10,4,57
1,91,84,58
2,42,86,58
3,22,78,58
1,25,7,59
2,47,90,59
1,60,35,60
2,89,28,60
3,35,60,60
1,51,56,61
2,14,55,61
3,41,99,61
4,83,10,61
5,21,26,61
6,89,19,61
7,53,8,61
8,69,34,61
1,27,27,62
2,16,1,62
3,34,62,62
4,25,61,62
1,22,81,63
2,55,12,63
3,88,86,63
4,16,17,63
5,92,93,63
6,69,35,63
7,6,82,63
8,86,9,63
9,85,58,63
1,100,39,64
2,66,92,64
3,12,20,64
4,71,56,64
5,49,42,64
6,37,5,64
7,67,99,64
8,50,26,64
9,67,86,64
1,90,84,65
2,8,95,65
3,0,46,65
4,67,27,65
5,38,57,65
6,15,90,65
7,74,41,65
8,69,85,65
9,99,78,65
10,0,5,65
1,64,57,66
2,40,91,66
3,43,56,66
4,22,75,66
5,31,28,66
6,0,32,66
7,11,59,66
1,50,47,67
2,46,29,67
3,29,45,67
4,95,64,67
5,72,87,67
6,64,97,67
7,67,76,67
8,23,95,67
1,88,67,68
2,67,40,68
3,85,39,68
4,79,24,68
1,29,86,69
2,50,77,69
3,81,46,69
4,28,53,69
5,9,11,69
6,82,33,69
1,7,5,70
2,21,48,70
3,64,70,70
4,85,41,70
5,91,44,70
6,28,28,70
7,68,31,70
1,98,19,71
2,52,90,71
3,59,9,71
4,5,60,71
5,0,54,71
6,41,29,71
1,27,35,72
2,38,68,72
3,49,74,72
4,49,62,72
5,0,100,72
6,66,86,72
7,0,6,72
8,75,42,72
1,42,95,73
2,31,17,73
3,49,96,73
4,79,7,73
5,51,47,73
6,77,22,73
1,9,97,74
2,83,4,74
3,45,37,74
4,58,2,74
5,18,100,74
6,99,98,74
1,11,90,75
2,23,90,75
3,77,9,75
1,79,64,76
2,55,12,76
3,87,76,76
4,94,76,76
5,28,77,76
6,0,42,76
7,39,96,76
8,99,6,76
9,60,89,76
10,48,31,76
1,65,5,77
2,50,98,77
3,40,42,77
1,81,67,78
2,34,57,78
3,61,16,78
4,37,48,78
5,98,63,78
6,71,18,78
7,90,21,78
1,80,92,79
2,15,60,79
3,38,27,79
4,0,95,79
5,84,58,79
6,8,30,79
7,100,72,79
8,0,85,79
9,26,93,79
1,64,5,80
2,35,32,80
3,74,29,80
4,20,12,80
5,29,22,80
6,78,73,80
7,56,28,80
1,96,46,81
2,49,75,81
3,55,44,81
4,52,55,81
5,0,80,81
6,0,95,81
1,20,28,82
2,50,18,82
3,44,66,82
4,87,40,82
5,55,80,82
6,87,47,82
7,88,53,82
8,84,88,82
9,79,90,82
10,16,34,82
1,45,43,83
2,92,88,83
1,93,3,84
2,51,29,84
3,0,60,84
1,89,31,85
2,66,34,85
3,46,99,85
1,89,77,86
2,43,47,86
3,28,74,86
4,70,49,86
5,49,58,86
6,0,5,86
7,70,11,86
8,59,89,86
1,27,13,87
2,83,2,87
3,50,22,87
4,57,20,87
5,88,74,87
1,20,11,88
2,39,80,88
3,36,75,88
4,7,95,88
5,25,63,88
6,46,10,88
7,44,73,88
8,13,26,88
1,73,80,89
2,0,64,89
3,0,23,89
4,46,65,89
5,6,64,89
1,0,47,90
2,47,48,90
3,60,15,90
4,75,20,90
5,21,62,90
6,69,61,90
1,56,20,91
2,26,18,91
3,57,76,91
4,0,86,91
5,14,2,91
1,47,41,92
2,61,69,92
3,69,69,92
4,0,86,92
5,24,91,92
1,92,58,93
2,73,8,93
3,67,48,93
1,75,13,94
2,8,6,94
3,98,92,94
4,15,79,94
5,5,100,94
6,61,91,94
7,100,57,94
1,35,48,95
2,72,62,95
3,21,82,95
1,45,15,96
2,44,2,96
3,0,28,96
4,82,81,96
5,81,59,96
6,46,17,96
7,99,8,96
1,38,38,97
2,84,59,97
3,56,41,97
4,56,19,97
5,56,38,97
6,43,83,97
7,13,7,97
1,91,85,98
2,10,93,98
3,45,52,98
1,76,83,99
2,57,26,99
3,57,33,99
4,10,64,99
1,92,99,100
2,76,68,100
3,40,62,100
4,13,42,100
5,13,54,100
6,54,14,100
7,24,76,100
1,26,32,101
2,52,66,101
3,79,94,101
4,9,52,101
5,13,18,101
6,35,19,101
7,52,4,101
1,38,20,102
2,0,41,102
3,92,84,102
4,86,54,102
5,100,11,102
6,50,27,102
1,58,82,103
2,21,12,103
3,46,88,103
4,94,22,103
5,70,38,103
6,78,52,103
7,64,71,103
8,51,6,103
9,9,86,103
10,83,8,103
1,92,70,104
2,68,17,104
1,21,47,105
2,6,66,105
3,100,62,105
4,94,36,105
5,85,30,105
6,27,99,105
1,35,55,106
2,54,69,106
3,80,72,106
4,82,97,106
5,56,10,106
6,94,3,106
7,57,34,106
8,88,72,106
9,8,84,106
1,46,85,107
2,61,56,107
3,58,30,107
4,47,66,107
5,46,77,107
6,8,78,107
1,65,95,108
2,33,76,108
3,33,39,108
4,65,69,108
5,61,2,108
6,72,91,108
7,35,92,108
8,7,74,108
9,52,47,108
10,10,10,108
1,89,87,109
2,93,93,109
3,0,80,109
4,80,70,109
5,40,4,109
1,51,30,110
2,88,22,110
3,83,83,110
4,15,4,110
5,61,39,110
6,67,33,110
7,25,2,110
8,47,22,110
9,50,14,110
1,0,93,111
2,6,71,111
3,6,49,111
4,37,56,111
1,89,20,112
2,20,55,112
1,37,94,113
2,73,69,113
3,82,9,113
4,81,44,113
5,5,90,113
1,42,89,114
2,87,19,114
3,57,45,114
4,39,83,114
5,22,74,114
6,99,15,114
7,24,70,114
1,40,94,115
2,50,32,115
1,94,80,116
2,20,28,116
3,100,100,116
4,11,95,116
5,10,89,116
6,29,19,116
7,78,61,116
8,55,51,116
9,71,58,116
10,65,27,116
1,74,1,117
2,61,85,117
3,70,48,117
4,95,77,117
5,82,35,117
6,24,93,117
1,49,90,118
2,72,58,118
3,0,40,118
4,76,79,118
5,10,60,118
6,0,41,118
7,92,33,118
8,77,91,118
1,74,43,119
2,72,96,119
3,85,27,119
4,73,80,119
5,51,80,119
6,9,87,119
7,0,91,119
1,64,51,120
2,75,68,120
3,58,94,120
4,83,91,120
5,20,20,120
6,57,58,120
1,0,21,121
2,34,47,121
3,46,31,121
4,9,74,121
5,96,49,121
6,69,58,121
1,80,75,122
2,98,34,122
3,0,53,122
4,98,22,122
5,0,29,122
1,75,40,123
2,65,93,123
3,99,9,123
4,68,31,123
5,70,86,123
6,0,91,123
7,0,17,123
1,75,12,124
2,24,12,124
3,58,23,124
4,30,76,124
5,16,52,124
6,23,26,124
1,88,27,125
2,96,72,125
3,45,17,125
4,40,97,125
5,34,100,125
6,83,91,125
7,89,89,125
8,69,20,125
9,50,52,125
1,41,29,126
2,97,89,126
3,7,45,126
4,50,5,126
5,60,55,126
1,16,88,127
2,22,74,127
3,69,79,127
4,28,17,127
5,70,64,127
6,40,76,127
7,57,96,127
8,89,21,127
9,22,26,127
10,81,94,127
1,47,77,128
2,14,86,128
3,20,54,128
4,76,99,128
5,90,75,128
6,46,75,128
1,68,48,129
2,43,59,129
3,75,89,129
4,47,37,129
5,8,36,129
6,40,31,129
1,80,53,130
2,88,75,130
3,9,85,130
4,29,81,130
5,77,85,130
6,0,59,130
7,58,46,130
8,36,75,130
9,12,42,130
10,73,24,130
1,26,42,131
2,30,47,131
1,33,60,132
2,45,63,132
3,0,52,132
1,16,55,133
2,44,80,133
3,28,98,133
4,19,82,133
5,40,96,133
1,11,69,134
2,54,67,134
3,91,71,134
1,100,51,135
2,89,54,135
3,77,16,135
1,78,26,136
2,97,68,136
3,89,91,136
1,64,74,137
2,13,70,137
3,55,12,137
4,6,71,137
5,17,58,137
6,52,28,137
7,87,33,137
8,41,83,137
1,66,38,138
2,56,98,138
3,66,68,138
4,33,39,138
5,11,75,138
6,84,57,138
7,75,97,138
8,23,26,138
1,88,81,139
2,55,44,139
3,0,83,139
4,64,89,139
1,9,59,140
2,41,55,140
3,26,74,140
1,37,87,141
2,21,71,141
3,80,10,141
1,45,53,142
2,53,52,142
3,35,67,142
4,54,50,142
5,22,71,142
6,91,18,142
7,46,23,142
1,63,73,143
2,96,4,143
1,74,81,144
2,16,29,144
3,70,74,144
4,10,57,144
5,55,82,144
6,0,20,144
1,48,44,145
2,0,52,145
3,82,14,145
4,0,69,145
5,61,53,145
6,64,11,145
7,68,63,145
1,6,51,146
2,69,80,146
3,8,2,146
4,0,56,146
5,44,67,146
1,0,39,147
2,49,98,147
3,70,51,147
1,76,90,148
2,61,12,148
3,0,95,148
4,0,38,148
5,21,58,148
6,69,85,148
7,96,2,148
1,82,97,149
2,79,57,149
3,12,94,149
4,86,40,149
5,57,57,149
6,75,91,149
7,55,23,149
8,98,61,149
1,68,55,150
2,8,87,150
3,48,89,150
4,15,96,150
1,38,32,151
2,42,66,151
3,13,14,151
4,0,67,151
5,58,64,151
1,31,83,152
2,30,51,152
3,63,28,152
4,38,12,152
5,49,9,152
1,8,91,153
2,88,40,153
3,68,83,153
4,59,8,153
5,76,26,153
6,97,62,153
7,11,54,153
8,25,71,153
9,79,2,153
10,56,27,153
1,89,5,154
2,13,4,154
3,22,90,154
4,19,71,154
5,66,93,154
1,56,65,155
2,51,32,155
3,49,82,155
4,17,1,155
5,56,43,155
1,94,41,156
2,49,68,156
3,5,8,156
4,96,53,156
5,57,28,156
6,20,100,156
7,98,90,156
8,7,54,156
9,86,48,156
10,96,10,156
1,59,74,157
2,89,80,157
3,76,52,157
4,76,75,157
5,20,20,157
6,70,49,157
1,12,28,158
2,29,73,158
3,78,70,158
4,26,18,158
1,56,94,159
2,15,83,159
1,5,86,160
2,24,93,160
3,86,4,160
4,22,78,160
5,7,33,160
6,51,66,160
7,40,30,160
8,83,92,160
9,72,15,160
10,75,39,160
1,85,54,161
2,64,25,161
3,36,68,161
4,52,7,161
5,38,72,161
1,44,66,162
2,62,24,162
3,22,65,162
4,12,92,162
5,93,77,162
6,57,15,162
7,48,44,162
1,90,96,163
2,71,46,163
3,70,41,163
4,31,91,163
5,66,83,163
6,62,1,163
7,21,46,163
1,63,18,164
2,72,35,164
3,28,70,164
4,87,14,164
1,72,89,165
2,7,22,165
1,53,69,166
2,52,7,166
3,0,24,166
4,71,42,166
5,47,32,166
1,19,83,167
2,88,94,167
3,74,2,167
4,12,92,167
5,82,80,167
6,18,45,167
1,58,10,168
2,80,57,168
3,97,23,168
1,36,42,169
2,72,79,169
1,42,50,170
2,47,64,170
3,38,72,170
4,47,53,170
5,56,84,170
6,92,30,170
7,95,82,170
8,50,75,170
9,87,5,170
1,61,83,171
2,17,25,171
3,52,2,171
4,97,49,171
5,93,74,171
6,16,41,171
7,38,70,171
8,15,90,171
1,21,15,172
2,97,36,172
3,21,94,172
4,87,91,172
5,56,30,172
6,51,13,172
1,95,6,173
2,57,66,173
3,13,2,173
4,73,95,173
5,0,80,173
6,5,28,173
7,9,47,173
8,0,59,173
9,19,67,173
1,87,47,174
2,33,34,174
3,10,47,174
4,25,37,174
5,61,20,174
6,13,53,174
7,15,93,174
8,64,29,174
9,80,65,174
1,31,39,175
2,0,58,175
3,74,61,175
4,35,52,175
5,42,86,175
6,97,38,175
7,26,57,175
8,26,71,175
1,53,37,176
2,39,69,176
3,5,29,176
4,0,41,176
5,31,75,176
6,34,83,176
7,63,99,176
8,24,38,176
1,27,67,177
2,78,87,177
3,24,1,177
4,30,52,177
1,95,86,178
2,78,86,178
3,59,46,178
4,89,92,178
1,0,62,179
2,43,27,179
3,62,6,179
4,27,7,179
5,58,15,179
6,67,77,179
7,98,27,179
8,44,90,179
9,100,99,179
1,21,44,180
2,10,73,180
3,76,95,180
4,15,62,180
5,43,82,180
1,99,83,181
2,19,96,181
3,42,12,181
4,81,95,181
5,16,2,181
6,13,27,181
1,21,96,182
2,40,29,182
3,100,78,182
1,40,4,183
2,17,100,183
3,95,13,183
4,8,87,183
5,51,12,183
6,0,28,183
7,67,73,183
8,39,7,183
1,84,41,184
2,36,37,184
3,84,85,184
4,90,93,184
5,59,62,184
1,23,12,185
2,23,65,185
3,95,91,185
4,35,15,185
5,13,20,185
6,53,39,185
7,64,78,185
8,78,49,185
9,67,56,185
1,0,7,186
2,92,39,186
3,13,43,186
4,48,98,186
5,27,25,186
6,19,91,186
7,33,76,186
1,48,41,187
2,32,69,187
3,85,61,187
4,35,31,187
5,7,62,187
6,83,50,187
7,44,5,187
8,100,93,187
9,19,92,187
1,62,54,188
2,86,4,188
1,42,94,189
2,8,82,189
3,71,91,189
4,17,28,189
5,9,49,189
6,81,61,189
7,63,78,189
8,90,24,189
9,30,61,189
10,0,54,189
1,25,80,190
2,53,17,190
3,64,2,190
4,27,67,190
5,48,58,190
6,91,59,190
7,77,26,190
8,49,34,190
9,20,69,190
1,47,65,191
2,0,69,191
3,41,11,191
4,25,26,191
5,36,89,191
1,48,93,192
2,26,79,192
3,45,77,192
4,92,8,192
5,6,70,192
6,23,11,192
1,60,74,193
2,29,6,193
3,82,92,193
4,84,72,193
5,20,10,193
6,70,36,193
7,43,69,193
8,23,100,193
9,39,43,193
1,37,51,194
2,80,73,194
3,100,16,194
4,21,5,194
5,6,61,194
6,46,98,194
1,5,91,195
2,38,5,195
1,54,28,196
2,42,38,196
3,24,26,196
4,21,65,196
5,22,78,196
6,0,98,196
1,35,34,197
2,29,65,197
3,17,83,197
4,82,74,197
1,12,29,198
2,59,69,198
3,94,26,198
4,59,83,198
5,27,15,198
6,78,48,198
7,92,65,198
8,49,76,198
1,5,75,199
2,9,64,199
1,15,70,200
2,24,82,200
3,66,72,200
4,97,81,200
5,48,56,200
6,22,78,200
7,87,13,200
8,0,77,200
9,45,53,200
1,80,51,201
2,95,93,201
3,45,14,201
4,27,77,201
5,25,43,201
6,52,60,201
7,48,88,201
8,83,75,201
1,67,26,202
2,18,73,202
3,15,64,202
4,70,38,202
5,60,91,202
6,31,27,202
1,75,11,203
2,54,81,203
1,65,65,204
2,19,37,204
3,58,52,204
4,60,80,204
1,37,41,205
2,67,58,205
3,91,90,205
4,7,14,205
1,36,48,206
2,23,18,206
3,10,31,206
4,44,17,206
5,95,77,206
1,62,49,207
2,14,60,207
3,75,30,207
4,62,12,207
5,41,93,207
6,99,51,207
7,13,66,207
8,64,96,207
9,46,39,207
10,97,91,207
1,0,15,208
2,40,24,208
3,90,81,208
4,5,45,208
5,94,82,208
6,41,27,208
1,27,67,209
2,64,99,209
3,95,58,209
4,46,17,209
5,66,27,209
1,27,51,210
2,92,91,210
3,56,55,210
4,75,96,210
5,43,32,210
6,40,50,210
1,12,28,211
2,51,76,211
3,70,12,211
4,59,78,211
5,53,57,211
1,20,33,212
2,7,11,212
3,62,68,212
4,37,15,212
5,0,12,212
6,67,31,212
7,9,100,212
8,97,5,212
9,57,34,212
1,0,93,213
2,65,75,213
3,25,81,213
4,15,3,213
5,94,37,213
6,95,93,213
7,42,3,213
8,18,32,213
9,33,64,213
1,40,9,214
2,100,43,214
3,97,96,214
4,6,23,214
5,56,46,214
6,73,85,214
1,6,42,215
2,27,35,215
3,34,18,215
4,0,49,215
1,39,44,216
2,0,24,216
3,0,48,216
4,48,68,216
5,73,51,216
6,21,35,216
7,57,27,216
8,41,90,216
9,88,29,216
10,28,13,216
1,42,94,217
2,0,62,217
3,99,86,217
4,91,46,217
5,7,54,217
6,78,71,217
7,10,11,217
8,36,20,217
9,15,32,217
1,0,54,218
2,0,80,218
3,75,65,218
4,14,24,218
5,79,93,218
6,0,37,218
1,17,13,219
2,12,27,219
3,83,23,219
4,19,2,219
5,49,77,219
1,62,89,220
2,92,68,220
3,59,44,220
1,25,89,221
2,95,96,221
3,0,7,221
4,88,23,221
5,23,93,221
6,6,84,221
7,64,72,221
8,84,61,221
1,61,53,222
2,69,81,222
3,90,68,222
4,54,50,222
5,86,16,222
6,38,76,222
7,89,27,222
1,60,21,223
2,85,32,223
3,100,89,223
4,17,54,223
5,35,81,223
6,89,46,223
7,20,83,223
8,65,58,223
1,21,55,224
2,62,99,224
3,58,87,224
4,15,98,224
5,88,93,224
1,67,1,225
2,76,55,225
3,72,84,225
4,57,54,225
5,42,64,225
6,76,51,225
7,66,57,225
8,37,21,225
9,45,64,225
1,0,13,226
2,21,17,226
3,0,16,226
4,43,91,226
5,100,25,226
6,14,54,226
7,0,91,226
1,64,3,227
2,55,9,227
3,8,54,227
4,38,4,227
5,52,57,227
6,86,13,227
7,53,99,227
8,13,92,227
9,45,6,227
10,68,45,227
1,35,8,228
2,13,14,228
1,68,55,229
2,67,68,229
3,6,82,229
4,42,76,229
1,45,75,230
2,15,67,230
3,51,72,230
4,89,8,230
5,29,12,230
1,89,65,231
2,70,76,231
3,31,97,231
4,65,8,231
5,7,98,231
6,47,48,231
1,93,61,232
2,70,13,232
3,66,99,232
4,20,15,232
5,47,30,232
6,14,17,232
7,20,88,232
8,15,91,232
1,87,17,233
2,67,38,233
3,94,77,233
4,0,30,233
5,16,7,233
6,20,37,233
7,0,45,233
8,88,92,233
1,0,34,234
2,99,99,234
3,33,3,234
4,57,100,234
5,66,1,234
6,96,34,234
7,34,20,234
8,67,80,234
1,0,37,235
2,79,86,235
3,34,15,235
4,57,86,235
5,45,33,235
6,12,69,235
7,11,34,235
8,74,80,235
1,67,83,236
2,28,47,236
3,10,74,236
4,89,73,236
5,57,48,236
6,71,100,236
7,81,18,236
1,88,80,237
2,92,37,237
3,24,43,237
4,22,85,237
5,97,90,237
1,50,24,238
2,74,50,238
1,13,42,239
2,48,99,239
3,18,1,239
4,43,33,239
5,79,12,239
6,70,27,239
1,43,74,240
2,28,92,240
3,7,4,240
4,84,84,240
5,6,6,240
6,19,26,240
1,83,67,241
2,66,4,241
3,57,78,241
4,45,30,241
5,93,53,241
6,36,15,241
7,95,88,241
8,87,10,241
1,95,35,242
2,7,45,242
3,80,62,242
4,77,4,242
5,98,16,242
6,43,24,242
1,46,49,243
2,90,5,243
3,66,69,243
1,0,2,244
2,12,21,244
3,60,66,244
4,51,75,244
5,41,20,244
6,86,100,244
7,57,62,244
8,89,10,244
1,28,17,245
2,0,33,245
3,35,12,245
1,56,79,246
2,16,42,246
3,8,93,246
4,17,68,246
1,78,96,247
2,42,69,247
3,61,93,247
1,24,59,248
2,0,83,248
3,25,43,248
4,22,9,248
1,80,70,249
2,94,62,249
3,87,23,249
1,28,8,250
2,0,96,250
3,99,12,250
4,28,58,250
5,61,47,250
6,99,66,250
7,46,38,250
8,7,69,250
9,89,91,250
10,74,94,250
1,99,22,251
2,0,24,251
3,60,21,251
4,97,71,251
5,93,71,251
1,95,79,252
2,8,100,252
3,59,18,252
4,76,26,252
5,52,36,252
6,45,41,252
7,14,48,252
8,83,71,252
9,6,95,252
1,46,86,253
2,95,42,253
3,88,82,253
4,28,61,253
5,85,62,253
6,44,34,253
7,41,18,253
8,18,61,253
9,67,22,253
1,65,4,254
2,0,4,254
1,33,87,255
2,13,100,255
1,96,52,256
2,16,54,256
3,42,81,256
4,38,68,256
5,26,1,256
6,58,22,256
7,52,28,256
1,33,60,257
2,91,63,257
3,90,95,257
4,97,58,257
5,69,61,257
6,60,61,257
7,92,29,257
8,50,4,257
1,98,74,258
2,11,82,258
3,79,98,258
4,66,43,258
5,48,62,258
6,6,31,258
7,94,61,258
8,53,92,258
1,26,72,259
2,55,80,259
3,29,73,259
4,62,18,259
5,86,94,259
6,0,18,259
7,53,1,259
8,65,15,259
9,99,80,259
10,73,59,259
1,81,74,260
2,96,14,260
3,91,46,260
4,84,21,260
5,62,46,260
6,24,70,260
7,22,29,260
8,0,81,260
9,10,67,260
1,45,52,261
2,94,14,261
3,58,30,261
4,51,73,261
5,45,10,261
6,34,87,261
7,12,87,261
1,65,39,262
2,5,84,262
3,96,48,262
4,47,47,262
5,81,5,262
6,25,67,262
1,90,54,263
2,47,24,263
3,57,81,263
4,60,46,263
5,56,31,263
1,14,13,264
2,0,89,264
3,6,26,264
1,42,67,265
2,36,64,265
3,42,70,265
4,48,54,265
5,53,74,265
6,56,52,265
7,99,40,265
8,5,55,265
9,66,26,265
1,93,36,266
2,58,22,266
3,26,12,266
1,40,59,267
2,50,81,267
3,45,42,267
4,62,75,267
1,66,90,268
2,37,20,268
3,63,30,268
4,0,61,268
5,86,16,268
6,0,83,268
7,56,100,268
1,91,11,269
2,14,58,269
3,15,34,269
4,79,6,269
5,54,48,269
6,20,37,269
7,13,15,269
8,27,61,269
9,80,93,269
10,92,68,269
1,69,31,270
2,24,81,270
3,0,45,270
4,75,45,270
5,84,43,270
6,14,55,270
7,56,76,270
8,35,42,270
9,18,53,270
1,95,87,271
2,29,14,271
3,74,83,271
4,0,86,271
1,93,86,272
2,31,98,272
3,51,67,272
4,14,87,272
1,70,5,273
2,69,92,273
3,66,16,273
4,80,53,273
5,84,86,273
6,18,80,273
7,57,13,273
8,59,46,273
9,7,62,273
1,79,59,274
2,95,86,274
3,75,75,274
4,41,36,274
5,85,9,274
6,35,93,274
1,60,60,275
2,69,75,275
3,0,85,275
4,79,4,275
5,68,72,275
6,20,18,275
7,44,35,275
8,96,5,275
9,63,32,275
1,51,3,276
2,43,12,276
3,27,59,276
4,93,94,276
5,73,85,276
6,5,24,276
7,49,48,276
8,88,43,276
9,45,22,276
1,28,5,277
2,79,41,277
3,63,56,277
4,97,65,277
5,44,74,277
6,16,74,277
7,5,6,277
8,68,95,277
1,28,6,278
2,74,22,278
3,58,23,278
1,10,58,279
2,54,85,279
3,10,48,279
4,45,13,279
5,46,77,279
6,77,86,279
7,48,65,279
8,18,64,279
1,43,16,280
2,56,50,280
3,85,69,280
1,62,53,281
2,82,55,281
3,62,42,281
4,63,61,281
5,52,24,281
6,72,15,281
7,29,80,281
8,74,88,281
9,8,81,281
10,59,94,281
1,40,61,282
2,79,11,282
3,74,84,282
4,0,28,282
5,91,14,282
6,31,14,282
7,0,36,282
8,24,35,282
9,15,65,282
10,97,46,282
1,10,80,283
2,67,19,283
3,62,6,283
4,82,97,283
5,55,32,283
6,32,63,283
7,99,7,283
8,73,36,283
1,38,89,284
2,84,92,284
3,11,71,284
4,89,27,284
5,29,52,284
1,96,19,285
2,68,90,285
1,86,49,286
2,63,34,286
3,94,43,286
4,69,11,286
5,97,57,286
6,39,29,286
7,100,77,286
8,63,53,286
9,87,32,286
10,85,68,286
1,29,31,287
2,7,65,287
3,48,24,287
4,55,28,287
5,11,70,287
6,27,17,287
7,100,83,287
8,22,17,287
1,40,98,288
2,93,88,288
3,29,36,288
4,26,34,288
5,0,68,288
1,37,36,289
2,33,61,289
1,25,22,290
2,39,81,290
3,93,96,290
4,39,33,290
5,25,73,290
6,69,92,290
7,74,42,290
8,39,25,290
1,25,24,291
2,67,18,291
3,53,84,291
4,52,38,291
5,5,97,291
6,96,23,291
1,38,37,292
2,59,97,292
3,79,98,292
4,48,16,292
1,74,23,293
2,13,63,293
3,22,27,293
4,50,15,293
5,9,3,293
6,46,46,293
7,0,73,293
8,25,34,293
9,69,63,293
10,16,12,293
1,51,39,294
2,36,23,294
3,5,7,294
4,0,63,294
5,54,79,294
6,68,13,294
7,51,62,294
1,98,45,295
2,82,48,295
1,88,34,296
2,43,6,296
3,63,10,296
1,53,84,297
2,29,20,297
3,42,30,297
4,21,94,297
5,46,57,297
1,66,57,298
2,95,8,298
3,77,12,298
4,28,93,298
5,44,5,298
6,76,46,298
1,77,10,299
2,35,63,299
3,38,22,299
4,28,93,299
5,0,22,299
6,50,82,299
7,30,11,299
8,58,49,299
9,0,49,299
1,33,41,300
2,43,40,300
3,48,26,300
4,86,81,300
5,32,35,300
1,16,65,301
2,67,45,301
3,81,62,301
4,81,7,301
5,24,41,301
6,95,20,301
7,26,79,301
8,25,44,301
9,60,17,301
1,40,45,302
2,70,25,302
3,81,53,302
4,68,88,302
5,31,12,302
6,89,23,302
7,0,37,302
8,37,69,302
9,0,41,302
1,13,19,303
2,49,13,303
1,63,99,304
2,79,49,304
3,68,39,304
4,32,97,304
5,74,66,304
6,36,21,304
7,84,48,304
8,12,47,304
1,0,31,305
2,95,1,305
3,50,52,305
4,0,72,305
5,51,76,305
6,13,40,305
7,93,5,305
8,11,35,305
1,8,40,306
2,70,31,306
3,92,40,306
1,40,32,307
2,63,44,307
3,36,82,307
4,36,7,307
5,87,72,307
6,68,99,307
7,70,12,307
8,42,34,307
9,95,96,307
10,77,19,307
1,20,21,308
2,88,88,308
3,82,63,308
4,0,13,308
5,77,49,308
6,65,72,308
1,0,57,309
2,0,95,309
3,92,14,309
4,43,80,309
5,42,87,309
6,71,37,309
7,93,54,309
8,10,7,309
9,38,64,309
10,60,70,309
1,66,34,310
2,31,83,310
3,94,89,310
4,95,60,310
5,57,99,310
6,98,51,310
7,15,1,310
8,52,44,310
1,38,63,311
2,23,85,311
3,93,25,311
4,52,97,311
5,38,28,311
1,71,14,312
2,97,32,312
3,19,75,312
4,87,9,312
5,91,63,312
6,25,16,312
7,90,28,312
8,97,14,312
9,18,23,312
1,54,83,313
2,91,70,313
1,49,37,314
2,0,11,314
3,18,32,314
4,22,56,314
5,25,47,314
6,24,74,314
7,48,55,314
1,28,2,315
2,82,41,315
3,63,98,315
4,68,11,315
5,58,21,315
6,34,38,315
7,0,10,315
1,85,17,316
2,0,6,316
3,11,95,316
4,33,53,316
5,80,19,316
6,23,84,316
7,55,66,316
1,40,44,317
2,47,54,317
3,66,67,317
4,45,59,317
5,77,13,317
6,59,29,317
1,6,5,318
2,61,24,318
3,34,7,318
4,13,44,318
5,57,85,318
6,59,49,318
7,34,82,318
8,19,4,318
1,33,86,319
2,6,37,319
3,59,11,319
4,91,56,319
1,64,27,320
2,38,87,320
3,89,43,320
4,70,68,320
5,31,74,320
1,66,55,321
2,98,6,321
3,61,53,321
4,49,60,321
5,55,37,321
6,45,26,321
7,92,43,321
8,77,31,321
9,84,94,321
10,33,62,321
1,40,88,322
2,39,83,322
3,33,7,322
4,0,24,322
5,0,37,322
6,9,1,322
7,28,86,322
1,0,70,323
2,0,41,323
1,19,77,324
2,66,71,324
3,16,55,324
4,27,60,324
5,14,10,324
1,31,11,325
2,26,49,325
3,31,4,325
4,67,89,325
5,24,7,325
6,96,16,325
1,45,49,326
2,86,35,326
3,35,64,326
4,0,39,326
5,0,42,326
6,31,29,326
1,55,99,327
2,56,79,327
3,41,28,327
4,9,63,327
5,64,95,327
6,85,100,327
7,94,88,327
8,45,9,327
1,77,95,328
2,74,33,328
3,79,81,328
4,61,91,328
5,77,88,328
1,10,57,329
2,20,3,329
3,45,51,329
4,9,59,329
5,30,29,329
1,11,64,330
2,77,17,330
3,63,47,330
4,38,98,330
5,14,59,330
6,42,64,330
7,0,36,330
8,53,23,330
9,52,98,330
10,98,72,330
1,27,75,331
2,38,37,331
3,60,15,331
4,53,79,331
5,53,40,331
6,21,35,331
7,95,86,331
8,68,2,331
1,0,65,332
2,52,36,332
3,75,45,332
4,0,67,332
1,100,32,333
2,36,38,333
3,63,68,333
4,48,69,333
5,21,12,333
6,26,66,333
7,78,79,333
8,28,71,333
9,83,25,333
10,22,57,333
1,80,65,334
2,98,59,334
3,15,76,334
4,29,52,334
5,47,57,334
6,7,16,334
7,12,98,334
8,73,29,334
9,27,51,334
1,47,23,335
2,18,80,335
1,25,43,336
2,0,7,336
3,61,82,336
4,94,20,336
5,21,12,336
6,14,23,336
7,0,41,336
1,0,61,337
2,88,15,337
3,9,19,337
4,84,6,337
5,88,82,337
6,85,33,337
7,74,51,337
1,0,76,338
2,15,100,338
3,71,78,338
4,45,35,338
5,5,19,338
1,46,51,339
2,46,93,339
3,22,98,339
4,17,45,339
5,42,56,339
6,12,74,339
7,93,32,339
8,65,60,339
1,82,13,340
2,98,73,340
3,36,70,340
4,83,54,340
5,20,9,340
6,98,59,340
7,10,2,340
8,48,19,340
9,15,80,340
10,76,15,340
1,71,97,341
2,70,6,341
3,0,76,341
4,54,36,341
5,97,90,341
1,91,56,342
2,62,96,342
3,0,52,342
4,35,91,342
1,59,46,343
2,23,70,343
3,70,21,343
4,86,61,343
5,5,50,343
6,22,52,343
1,61,64,344
2,55,75,344
3,70,64,344
4,84,91,344
5,32,19,344
6,6,92,344
7,40,76,344
1,15,74,345
2,46,88,345
3,14,69,345
4,80,85,345
5,99,33,345
1,37,89,346
2,89,17,346
1,84,12,347
2,86,12,347
3,92,52,347
4,16,23,347
5,69,46,347
1,65,97,348
2,20,97,348
1,71,80,349
2,21,69,349
3,46,11,349
4,82,81,349
5,73,100,349
1,68,32,350
2,5,29,350
3,0,86,350
4,68,30,350
5,19,100,350
6,70,44,350
7,70,69,350
8,91,5,350
1,31,5,351
2,31,97,351
3,76,89,351
4,35,64,351
5,67,8,351
6,0,2,351
7,42,25,351
8,36,49,351
1,72,48,352
2,54,61,352
3,60,2,352
4,85,94,352
5,73,89,352
6,67,62,352
7,26,60,352
8,0,42,352
9,89,32,352
10,0,98,352
1,92,11,353
2,15,89,353
3,0,55,353
4,77,23,353
5,58,50,353
6,82,13,353
7,22,43,353
8,85,7,353
9,36,21,353
10,32,24,353
1,93,60,354
2,95,32,354
3,85,56,354
4,58,13,354
5,26,65,354
1,100,60,355
2,84,11,355
3,48,38,355
4,92,58,355
5,54,2,355
6,16,86,355
1,19,45,356
2,53,11,356
3,38,21,356
4,43,24,356
5,76,47,356
1,62,79,357
2,37,68,357
3,71,41,357
4,63,66,357
5,65,13,357
6,27,32,357
7,53,88,357
1,59,45,358
2,85,69,358
3,77,55,358
4,6,33,358
5,76,38,358
6,90,81,358
1,56,99,359
2,31,34,359
3,25,55,359
4,70,7,359
5,94,10,359
6,40,78,359
7,33,46,359
1,48,59,360
2,79,43,360
3,12,80,360
4,46,90,360
5,89,84,360
6,91,29,360
1,37,99,361
2,41,28,361
1,62,47,362
2,63,49,362
1,59,72,363
2,50,9,363
3,72,87,363
4,22,88,363
5,52,16,363
6,55,53,363
7,71,72,363
8,38,68,363
1,48,13,364
2,77,82,364
3,29,89,364
4,55,67,364
5,33,41,364
6,92,19,364
1,86,100,365
2,21,78,365
3,91,26,365
4,0,76,365
5,50,5,365
6,39,98,365
7,49,9,365
8,42,33,365
9,39,92,365
10,27,26,365
1,57,35,366
2,18,86,366
3,31,35,366
4,69,57,366
5,28,73,366
6,32,29,366
1,23,77,367
2,12,56,367
3,41,49,367
4,26,21,367
1,48,70,368
2,7,65,368
3,13,12,368
4,79,31,368
5,68,34,368
6,93,99,368
7,87,63,368
8,28,24,368
9,8,22,368
10,100,45,368
1,72,46,369
2,41,72,369
3,20,29,369
4,40,73,369
5,33,76,369
6,39,100,369
7,48,17,369
8,16,96,369
1,88,69,370
2,19,33,370
3,20,1,370
4,84,29,370
5,45,43,370
6,73,77,370
7,90,39,370
8,25,36,370
9,67,34,370
1,84,90,371
2,42,47,371
3,68,18,371
1,31,49,372
2,11,25,372
1,29,97,373
2,43,8,373
3,18,100,373
4,98,45,373
5,54,82,373
6,9,38,373
7,97,75,373
8,94,62,373
1,67,64,374
2,18,88,374
3,53,25,374
4,0,12,374
5,67,67,374
6,68,32,374
7,90,84,374
1,22,43,375
2,98,34,375
3,29,50,375
4,36,2,375
5,57,20,375
6,73,55,375
1,97,33,376
2,87,28,376
3,97,25,376
1,82,49,377
2,8,71,377
3,76,95,377
4,67,30,377
5,0,33,377
6,12,68,377
7,100,86,377
8,100,82,377
1,23,44,378
2,84,1,378
3,59,25,378
4,0,47,378
5,62,84,378
6,9,13,378
7,27,90,378
8,93,81,378
1,12,34,379
2,12,90,379
3,37,49,379
1,29,27,380
2,64,56,380
3,19,19,380
4,16,35,380
5,22,66,380
6,29,67,380
7,26,60,380
1,83,97,381
2,0,99,381
1,84,95,382
2,32,57,382
3,23,70,382
4,48,59,382
5,34,2,382
6,18,48,382
7,97,51,382
1,73,74,383
2,74,35,383
3,73,37,383
4,55,45,383
1,40,40,384
2,42,26,384
1,9,94,385
2,56,37,385
3,77,83,385
4,9,4,385
5,12,64,385
6,62,15,385
1,89,22,386
2,61,35,386
3,44,31,386
4,0,46,386
5,33,67,386
6,16,44,386
7,77,14,386
8,25,38,386
1,44,75,387
2,69,34,387
3,8,3,387
4,21,12,387
5,0,77,387
1,45,60,388
2,69,25,388
3,0,86,388
1,92,89,389
2,18,77,389
3,59,66,389
4,25,17,389
5,68,36,389
6,71,85,389
1,85,59,390
2,38,6,390
3,54,34,390
1,82,25,391
2,72,22,391
3,32,39,391
4,84,75,391
5,29,1,391
6,29,42,391
7,79,96,391
8,79,65,391
1,56,37,392
2,72,38,392
3,43,16,392
4,91,56,392
5,99,52,392
6,13,75,392
7,39,76,392
8,87,53,392
9,41,91,392
1,19,37,393
2,0,12,393
3,73,41,393
4,51,14,393
5,95,85,393
6,67,63,393
7,0,55,393
8,80,57,393
9,48,99,393
1,95,39,394
2,8,73,394
3,52,64,394
4,76,41,394
5,50,74,394
6,95,22,394
7,59,68,394
8,0,44,394
9,65,40,394
10,52,11,394
1,66,100,395
2,54,15,395
3,82,52,395
4,91,9,395
5,12,89,395
1,65,42,396
2,15,60,396
3,66,39,396
4,27,64,396
5,99,70,396
6,45,73,396
7,57,69,396
8,38,75,396
9,92,63,396
1,25,61,397
2,78,87,397
3,0,89,397
4,82,38,397
5,13,22,397
6,0,26,397
1,14,20,398
2,74,6,398
3,59,53,398
4,43,43,398
5,64,87,398
6,57,17,398
7,5,66,398
8,72,69,398
9,0,24,398
10,81,37,398
1,75,38,399
2,0,64,399
3,10,91,399
4,48,94,399
5,67,77,399
6,39,35,399
7,58,80,399
8,63,85,399
1,35,71,400
2,73,80,400
3,65,27,400
4,87,90,400
1,81,7,401
2,48,91,401
1,41,94,402
2,39,35,402
3,43,18,402
4,25,80,402
5,25,11,402
6,13,21,402
7,26,46,402
8,99,24,402
1,70,88,403
2,50,85,403
1,87,83,404
2,60,63,404
3,97,24,404
4,63,61,404
1,78,74,405
2,65,15,405
3,6,74,405
4,29,65,405
5,70,15,405
6,14,64,405
7,19,31,405
8,75,58,405
9,29,44,405
1,82,98,406
2,75,64,406
3,83,21,406
4,26,50,406
5,38,57,406
6,79,23,406
7,38,23,406
8,89,7,406
9,20,10,406
1,46,36,407
2,59,83,407
3,49,11,407
4,28,79,407
5,53,70,407
6,96,2,407
7,89,73,407
8,57,35,407
1,92,87,408
2,21,39,408
3,29,47,408
4,98,7,408
5,31,73,408
1,32,4,409
2,66,87,409
3,93,61,409
4,7,99,409
5,90,79,409
1,69,16,410
2,66,14,410
3,93,40,410
4,95,13,410
5,97,1,410
6,52,79,410
7,89,32,410
1,86,49,411
2,44,5,411
3,99,81,411
4,25,46,411
5,86,92,411
6,89,90,411
7,97,28,411
1,44,82,412
2,91,44,412
3,89,85,412
4,99,9,412
5,66,3,412
6,39,29,412
7,51,10,412
8,89,4,412
9,53,92,412
1,41,40,413
2,90,79,413
3,55,38,413
4,18,9,413
1,56,47,414
2,47,93,414
3,30,57,414
4,44,7,414
5,71,38,414
6,46,41,414
7,29,82,414
8,66,39,414
1,60,34,415
2,9,46,415
3,26,14,415
4,84,55,415
5,65,50,415
6,61,14,415
7,24,11,415
8,39,64,415
9,76,85,415
1,59,3,416
2,57,68,416
3,54,68,416
1,62,47,417
2,34,20,417
3,51,100,417
4,10,62,417
5,70,32,417
6,41,100,417
7,85,28,417
8,74,76,417
9,65,77,417
1,79,65,418
2,61,2,418
3,39,52,418
1,0,31,419
2,8,4,419
3,67,93,419
4,8,72,419
5,59,26,419
6,51,8,419
7,23,6,419
8,99,60,419
9,52,12,419
10,37,62,419
1,25,49,420
2,98,72,420
3,55,15,420
4,7,76,420
5,55,82,420
6,25,15,420
7,10,80,420
8,0,68,420
9,62,37,420
1,50,42,421
2,83,57,421
3,0,61,421
1,17,38,422
2,35,48,422
3,13,35,422
4,21,51,422
5,74,55,422
6,57,29,422
7,93,45,422
8,31,45,422
9,69,8,422
1,95,89,423
2,24,55,423
3,25,47,423
1,42,68,424
2,30,58,424
3,33,46,424
4,31,88,424
5,58,43,424
6,65,55,424
7,56,84,424
1,61,29,425
2,0,69,425
3,0,1,425
4,71,38,425
5,8,94,425
6,38,3,425
7,43,56,425
8,32,27,425
9,34,54,425
10,68,3,425
1,10,46,426
2,15,86,426
3,64,84,426
4,21,79,426
5,44,46,426
6,98,48,426
7,76,42,426
8,65,88,426
1,32,21,427
2,53,19,427
3,51,48,427
4,98,7,427
5,99,59,427
6,79,49,427
7,14,95,427
8,35,43,427
1,22,78,428
2,87,92,428
3,73,58,428
4,0,88,428
1,60,56,429
2,55,34,429
3,77,50,429
4,86,7,429
5,24,77,429
6,99,25,429
7,20,3,429
8,75,45,429
9,30,4,429
1,59,87,430
2,98,56,430
3,50,32,430
4,7,57,430
5,76,96,430
6,19,35,430
7,23,28,430
8,80,57,430
9,92,22,430
1,50,78,431
2,79,64,431
3,81,59,431
4,29,61,431
5,16,85,431
1,91,72,432
2,85,1,432
1,0,37,433
2,26,32,433
3,27,96,433
4,64,51,433
5,93,56,433
6,83,88,433
7,58,21,433
8,33,50,433
9,16,65,433
10,12,4,433
1,28,68,434
2,6,38,434
3,0,20,434
4,61,36,434
1,99,95,435
2,90,48,435
3,78,11,435
1,32,49,436
2,97,73,436
3,19,67,436
4,13,29,436
5,70,64,436
6,50,49,436
7,13,62,436
1,50,74,437
2,17,64,437
3,62,62,437
4,23,46,437
5,84,50,437
1,59,21,438
2,47,91,438
3,31,73,438
4,54,69,438
1,12,100,439
2,8,70,439
3,90,30,439
4,52,78,439
5,30,57,439
6,29,1,439
7,85,28,439
8,34,65,439
9,89,44,439
1,73,92,440
2,42,80,440
3,71,82,440
4,88,57,440
5,27,73,440
6,83,32,440
7,26,9,440
8,68,6,440
9,70,41,440
1,36,89,441
2,85,48,441
3,27,32,441
4,47,81,441
5,52,15,441
6,93,51,441
7,68,38,441
8,73,17,441
1,65,55,442
2,17,17,442
3,93,67,442
1,17,43,443
2,88,5,443
3,28,14,443
4,0,66,443
5,22,97,443
6,50,68,443
1,74,69,444
2,60,28,444
3,13,55,444
4,7,7,444
5,59,84,444
6,90,8,444
7,51,81,444
1,23,64,445
2,87,93,445
3,57,2,445
4,60,36,445
1,100,79,446
2,80,24,446
3,87,44,446
4,7,33,446
5,14,29,446
1,91,1,447
2,27,89,447
3,30,77,447
1,62,15,448
2,100,14,448
3,95,27,448
4,24,57,448
5,96,78,448
6,90,48,448
7,39,10,448
8,0,96,448
1,34,83,449
2,57,13,449
3,10,40,449
4,86,21,449
5,87,99,449
6,55,70,449
1,89,2,450
2,93,93,450
3,0,24,450
4,18,12,450
5,21,15,450
6,90,57,450
7,68,100,450
8,62,43,450
9,65,75,450
10,53,37,450
11,20,19,307
12,23,64,225
13,37,27,219
14,18,15,96
15,55,31,212
16,42,8,33
17,92,91,226
18,27,68,256
19,61,73,194
20,20,67,442
21,60,48,262
22,98,33,365
23,38,10,359
24,46,11,355
25,60,89,220
26,14,47,371
27,13,86,128
28,58,97,348
29,93,37,319
30,36,64,374
31,66,83,9
32,67,77,179
1,80,81,451
2,34,62,451
3,51,48,451
4,19,10,451
5,83,99,451
6,97,60,451
7,71,86,451
8,10,40,451
9,87,11,451
10,27,53,451
1,45,7,452
2,14,2,452
3,79,42,452
4,12,37,452
5,93,86,452
6,71,100,452
7,89,78,452
8,43,65,452
9,24,76,452
1,16,36,453
2,63,35,453
3,5,34,453
4,87,35,453
5,70,95,453
6,91,52,453
7,15,30,453
1,5,103,454
2,41,95,454
3,22,34,454
4,18,26,454
5,12,92,454
6,82,45,454
7,59,13,454
8,43,29,454
9,91,101,454
1,40,43,455
2,16,75,455
3,72,102,455
1,10,23,456
2,18,103,456
1,75,14,457
2,61,92,457
3,9,65,457
4,27,58,457
5,32,96,457
1,0,68,458
2,73,16,458
3,94,41,458
4,0,16,458
5,0,104,458
6,62,77,458
1,72,72,459
2,95,12,459
3,63,75,459
4,8,93,459
5,95,39,459
6,37,59,459
7,60,94,459
8,28,49,459
1,86,92,460
2,6,18,460
3,83,103,460
4,85,63,460
1,97,70,461
2,21,23,461
3,36,31,461
4,77,68,461
5,99,40,461
6,41,102,461
7,61,7,461
1,39,38,462
2,53,73,462
3,71,86,462
4,81,104,462
1,15,104,463
2,90,105,463
1,85,66,464
2,80,106,464
3,75,55,464
4,75,13,464
5,79,98,464
1,70,14,465
2,38,44,465
3,87,66,465
4,95,36,465
5,29,26,465
6,38,53,465
7,50,62,465
1,11,49,466
2,83,91,466
3,15,46,466
4,18,26,466
1,28,58,467
2,33,6,467
3,63,85,467
4,75,33,467
5,55,21,467
6,49,44,467
7,31,7,467
8,92,13,467
1,0,26,468
2,78,93,468
3,0,10,468
4,85,62,468
5,81,18,468
6,90,46,468
7,88,99,468
1,29,13,469
2,63,67,469
3,24,46,469
4,10,2,469
5,76,60,469
6,17,7,469
7,26,90,469
8,37,43,469
1,33,66,470
2,19,102,470
3,87,27,470
4,0,53,470
5,92,44,470
6,32,37,470
7,96,35,470
