ID,Data_zamowienia,Status,Rabat,Vat_procent,ID_Klient,ID_Pracownik
1,2026-02-06,Dostarczone,0.1,0.05,419,1
2,2025-11-23,Dostarczone,0.0,0.05,185,16
3,2025-12-06,Dostarczone,0.0,0.05,175,14
4,2025-09-26,Dostarczone,0.0,0.05,140,10
5,2025-06-03,Dostarczone,0.1,0.05,406,20
6,2026-01-30,Dostarczone,0.05,0.05,11,9
7,2025-04-09,Dostarczone,0.0,0.05,346,7
8,2025-10-09,Dostarczone,0.0,0.05,19,30
9,2025-04-29,Dostarczone,0.0,0.05,258,29
10,2026-01-11,Dostarczone,0.0,0.05,407,7
11,2025-09-19,Dostarczone,0.0,0.05,340,23
12,2025-07-22,Dostarczone,0.15,0.05,296,30
13,2026-03-23,Dostarczone,0.0,0.05,375,6
14,2026-02-20,Zwrot,0.0,0.05,52,23
15,2026-02-20,Zwrot,0.0,0.05,259,13
16,2025-07-04,Dostarczone,0.05,0.05,477,18
17,2025-04-22,Dostarczone,0.0,0.05,400,4
18,2026-03-18,Zwrot,0.0,0.05,325,15
19,2025-09-16,Dostarczone,0.0,0.05,427,19
20,2026-03-30,Dostarczone,0.0,0.05,115,3
21,2026-01-05,Dostarczone,0.0,0.05,474,7
22,2025-12-03,Dostarczone,0.0,0.05,429,10
23,2025-11-15,Dostarczone,0.0,0.05,302,6
24,2025-09-06,Dostarczone,0.0,0.05,17,19
25,2026-01-03,Dostarczone,0.0,0.05,274,3
26,2026-01-05,Dostarczone,0.1,0.05,448,18
27,2025-10-20,Dostarczone,0.0,0.05,29,4
28,2025-06-03,Dostarczone,0.15,0.05,285,19
29,2025-05-08,Dostarczone,0.0,0.05,47,3
30,2025-08-26,Dostarczone,0.0,0.05,308,8
31,2025-10-26,Dostarczone,0.0,0.05,76,4
32,2025-09-09,Dostarczone,0.0,0.05,379,7
33,2025-10-16,Dostarczone,0.0,0.05,324,21
34,2025-04-25,Dostarczone,0.0,0.05,347,25
35,2025-10-02,Dostarczone,0.0,0.05,267,14
36,2025-11-26,Dostarczone,0.0,0.05,438,4
37,2026-03-29,Dostarczone,0.0,0.05,108,4
38,2025-04-19,Dostarczone,0.0,0.05,363,25
39,2025-12-20,Dostarczone,0.0,0.05,426,17
40,2025-06-05,Dostarczone,0.05,0.05,130,24
41,2025-10-08,Zwrot,0.0,0.05,350,12
42,2026-01-03,Dostarczone,0.0,0.05,376,10
43,2025-11-25,Dostarczone,0.2,0.05,96,17
44,2025-11-11,Dostarczone,0.0,0.05,160,3
45,2025-06-17,Dostarczone,0.0,0.05,420,24
46,2025-07-28,Dostarczone,0.0,0.05,68,26
47,2025-06-21,Dostarczone,0.05,0.05,170,17
48,2026-03-20,Zwrot,0.0,0.05,287,26
49,2026-03-31,Dostarczone,0.05,0.05,67,29
50,2026-02-17,Zwrot,0.0,0.05,282,27
51,2025-10-04,Dostarczone,0.0,0.05,33,6
52,2025-04-09,Dostarczone,0.0,0.05,7,17
53,2025-04-22,Dostarczone,0.0,0.05,316,14
54,2025-11-27,Dostarczone,0.0,0.05,124,18
55,2025-08-23,Dostarczone,0.0,0.05,293,28
56,2025-05-10,Dostarczone,0.05,0.05,269,18
57,2026-02-14,Dostarczone,0.05,0.05,312,1
58,2025-04-14,Dostarczone,0.0,0.05,314,9
59,2025-07-08,Dostarczone,0.1,0.05,386,7
60,2025-09-19,Dostarczone,0.05,0.05,122,15
61,2025-09-13,Dostarczone,0.0,0.05,19,14
62,2025-08-28,Dostarczone,0.0,0.05,252,26
63,2025-06-12,Dostarczone,0.0,0.05,435,30
64,2025-08-09,Dostarczone,0.0,0.05,43,1
65,2025-06-21,Dostarczone,0.0,0.05,106,17
66,2026-02-09,Dostarczone,0.0,0.05,41,10
67,2025-04-18,Dostarczone,0.0,0.05,379,24
68,2025-05-09,Dostarczone,0.0,0.05,70,3
69,2025-04-10,Dostarczone,0.0,0.05,33,25
70,2025-06-30,Dostarczone,0.0,0.05,437,2
71,2025-12-28,Dostarczone,0.0,0.05,139,26
72,2025-08-16,Dostarczone,0.0,0.05,434,2
73,2025-04-28,Dostarczone,0.0,0.05,182,26
74,2025-05-04,Dostarczone,0.05,0.05,419,28
75,2026-02-03,Dostarczone,0.1,0.05,444,12
76,2025-08-12,Dostarczone,0.0,0.05,343,2
77,2026-03-28,Zwrot,0.0,0.05,479,16
78,2026-03-31,Zwrot,0.0,0.05,43,18
79,2025-07-14,Dostarczone,0.15,0.05,142,14
80,2025-11-22,Dostarczone,0.0,0.05,401,5
81,2025-07-18,Dostarczone,0.0,0.05,493,7
82,2025-07-17,Dostarczone,0.0,0.05,471,19
83,2025-12-22,Dostarczone,0.0,0.05,106,16
84,2025-05-27,Dostarczone,0.15,0.05,71,6
85,2026-01-24,Dostarczone,0.0,0.05,126,29
86,2025-11-01,Dostarczone,0.0,0.05,222,12
87,2026-03-23,Zwrot,0.2,0.05,498,16
88,2025-04-11,Zwrot,0.0,0.05,212,11
89,2025-08-14,Dostarczone,0.0,0.05,380,18
90,2025-08-28,Dostarczone,0.0,0.05,272,7
91,2025-07-28,Dostarczone,0.0,0.05,121,25
92,2025-06-16,Dostarczone,0.0,0.05,409,2
93,2025-06-25,Dostarczone,0.0,0.05,258,13
94,2025-05-26,Dostarczone,0.0,0.05,360,5
95,2025-07-07,Dostarczone,0.0,0.05,403,24
96,2025-11-01,Dostarczone,0.1,0.05,392,7
97,2025-06-02,Dostarczone,0.05,0.05,266,16
98,2025-08-28,Dostarczone,0.05,0.05,329,23
99,2025-08-08,Dostarczone,0.0,0.05,132,6
100,2025-09-21,Dostarczone,0.0,0.05,261,6
101,2025-09-04,Dostarczone,0.0,0.05,239,24
102,2025-12-20,Dostarczone,0.0,0.05,123,6
103,2025-05-24,Dostarczone,0.0,0.05,268,2
104,2025-06-03,Dostarczone,0.0,0.05,392,4
105,2026-04-02,Dostarczone,0.05,0.05,381,28
106,2026-01-11,Dostarczone,0.0,0.05,193,21
107,2026-03-04,Zwrot,0.0,0.05,282,9
108,2025-09-09,Dostarczone,0.0,0.05,275,14
109,2026-02-17,Zwrot,0.0,0.05,23,18
110,2025-07-28,Dostarczone,0.0,0.05,356,4
111,2025-11-14,Dostarczone,0.0,0.05,286,25
112,2025-07-29,Dostarczone,0.0,0.05,154,29
113,2025-08-12,Dostarczone,0.0,0.05,143,29
114,2026-01-04,Dostarczone,0.05,0.05,436,3
115,2025-06-11,Dostarczone,0.0,0.05,286,20
116,2025-08-09,Dostarczone,0.0,0.05,240,17
117,2025-12-15,Dostarczone,0.05,0.05,104,10
118,2025-06-14,Dostarczone,0.0,0.05,192,16
119,2025-06-10,Dostarczone,0.05,0.05,329,9
120,2026-02-09,Zwrot,0.0,0.05,151,13
121,2025-09-25,Dostarczone,0.0,0.05,285,1
122,2025-04-27,Dostarczone,0.0,0.05,150,12
123,2026-03-05,Dostarczone,0.0,0.05,274,4
124,2025-12-09,Dostarczone,0.0,0.05,129,13
125,2025-05-29,Dostarczone,0.0,0.05,92,2
126,2026-03-22,Dostarczone,0.0,0.05,151,16
127,2026-01-27,Dostarczone,0.0,0.05,169,25
128,2025-08-25,Dostarczone,0.0,0.05,149,24
129,2026-03-22,Dostarczone,0.0,0.05,114,27
130,2025-11-30,Dostarczone,0.0,0.05,209,5
131,2025-10-09,Dostarczone,0.0,0.05,46,21
132,2026-03-20,Dostarczone,0.05,0.05,458,14
133,2025-07-21,Dostarczone,0.0,0.05,421,22
134,2026-02-05,Zwrot,0.1,0.05,276,7
135,2025-05-23,Zwrot,0.05,0.05,1,16
136,2025-07-25,Dostarczone,0.0,0.05,304,19
137,2025-07-23,Dostarczone,0.0,0.05,36,9
138,2025-10-04,Dostarczone,0.0,0.05,64,8
139,2025-10-04,Zwrot,0.0,0.05,220,29
140,2025-06-17,Dostarczone,0.0,0.05,67,5
141,2025-10-22,Dostarczone,0.0,0.05,195,6
142,2025-08-02,Dostarczone,0.0,0.05,203,4
143,2025-12-31,Dostarczone,0.2,0.05,221,7
144,2025-08-10,Dostarczone,0.0,0.05,170,9
145,2026-01-20,Dostarczone,0.0,0.05,270,28
146,2026-03-29,Dostarczone,0.0,0.05,138,16
147,2026-03-31,Dostarczone,0.0,0.05,34,29
148,2025-05-18,Dostarczone,0.1,0.05,211,19
149,2025-10-23,Dostarczone,0.0,0.05,422,5
150,2025-10-14,Dostarczone,0.0,0.05,279,15
151,2025-09-28,Zwrot,0.0,0.05,123,10
152,2025-07-06,Dostarczone,0.0,0.05,131,26
153,2025-08-10,Dostarczone,0.0,0.05,27,1
154,2025-06-03,Zwrot,0.0,0.05,358,23
155,2026-01-21,Dostarczone,0.0,0.05,379,3
156,2026-03-22,Zwrot,0.0,0.05,256,14
157,2025-08-11,Dostarczone,0.0,0.05,2,24
158,2025-10-31,Dostarczone,0.0,0.05,52,15
159,2025-11-27,Dostarczone,0.0,0.05,91,16
160,2026-04-01,Dostarczone,0.0,0.05,480,9
161,2026-02-01,Dostarczone,0.0,0.05,396,19
162,2026-01-23,Dostarczone,0.15,0.05,455,9
163,2026-03-18,Zwrot,0.0,0.05,484,10
164,2025-11-28,Dostarczone,0.0,0.05,364,10
165,2025-06-11,Dostarczone,0.0,0.05,281,20
166,2026-01-19,Dostarczone,0.1,0.05,134,8
167,2025-04-16,Dostarczone,0.0,0.05,339,10
168,2026-01-08,Dostarczone,0.05,0.05,18,10
169,2025-08-24,Dostarczone,0.15,0.05,68,18
170,2025-05-07,Dostarczone,0.0,0.05,162,5
171,2025-06-04,Dostarczone,0.15,0.05,107,17
172,2025-12-02,Dostarczone,0.0,0.05,428,15
173,2025-04-29,Dostarczone,0.0,0.05,478,22
174,2026-03-04,Zwrot,0.0,0.05,85,2
175,2025-08-20,Dostarczone,0.0,0.05,350,8
176,2025-09-13,Dostarczone,0.0,0.05,410,23
177,2025-12-24,Dostarczone,0.1,0.05,312,2
178,2026-03-07,Zwrot,0.0,0.05,366,15
179,2025-09-12,Dostarczone,0.15,0.05,452,29
180,2025-11-13,Dostarczone,0.0,0.05,452,4
181,2026-01-18,Dostarczone,0.25,0.05,55,28
182,2025-06-10,Dostarczone,0.0,0.05,479,1
183,2025-11-21,Dostarczone,0.0,0.05,500,3
184,2025-07-15,Dostarczone,0.0,0.05,492,11
185,2025-10-10,Dostarczone,0.0,0.05,32,17
186,2025-10-22,Dostarczone,0.0,0.05,328,20
187,2026-01-13,Dostarczone,0.2,0.05,485,12
188,2025-10-28,Dostarczone,0.0,0.05,211,16
189,2025-09-15,Dostarczone,0.0,0.05,336,23
190,2025-12-20,Dostarczone,0.05,0.05,74,22
191,2025-07-18,Dostarczone,0.0,0.05,280,21
192,2025-08-28,Dostarczone,0.05,0.05,20,4
193,2025-07-01,Dostarczone,0.0,0.05,463,1
194,2025-06-23,Dostarczone,0.0,0.05,83,7
195,2026-01-25,Dostarczone,0.0,0.05,44,16
196,2025-09-15,Dostarczone,0.0,0.05,182,19
197,2026-01-28,Dostarczone,0.0,0.05,499,3
198,2025-08-01,Dostarczone,0.25,0.05,469,7
199,2025-12-04,Dostarczone,0.1,0.05,439,24
200,2025-08-19,Dostarczone,0.0,0.05,231,20
201,2025-12-14,Zwrot,0.0,0.05,388,15
202,2025-12-12,Dostarczone,0.0,0.05,18,22
203,2026-03-24,Zwrot,0.0,0.05,201,7
204,2025-12-10,Dostarczone,0.05,0.05,190,15
205,2025-09-04,Dostarczone,0.15,0.05,488,26
206,2025-09-21,Dostarczone,0.1,0.05,64,14
207,2025-05-17,Dostarczone,0.05,0.05,34,17
208,2025-12-31,Dostarczone,0.0,0.05,426,13
209,2025-09-29,Dostarczone,0.0,0.05,463,27
210,2025-09-23,Dostarczone,0.05,0.05,467,18
211,2025-07-13,Dostarczone,0.0,0.05,213,15
212,2025-04-30,Dostarczone,0.0,0.05,169,4
213,2026-01-06,Dostarczone,0.0,0.05,51,17
214,2025-06-05,Dostarczone,0.0,0.05,477,26
215,2025-10-14,Dostarczone,0.0,0.05,91,7
216,2025-04-13,Dostarczone,0.0,0.05,409,12
217,2025-09-12,Dostarczone,0.0,0.05,393,7
218,2025-08-15,Dostarczone,0.0,0.05,138,20
219,2026-02-13,Dostarczone,0.0,0.05,337,22
220,2026-01-09,Dostarczone,0.0,0.05,87,4
221,2025-06-12,Dostarczone,0.0,0.05,376,29
222,2025-11-05,Zwrot,0.1,0.05,289,19
223,2026-03-24,Zwrot,0.0,0.05,15,19
224,2026-01-18,Dostarczone,0.0,0.05,485,3
225,2025-06-30,Dostarczone,0.0,0.05,304,28
226,2025-09-30,Dostarczone,0.0,0.05,11,24
227,2025-11-15,Dostarczone,0.1,0.05,381,3
228,2026-01-12,Zwrot,0.05,0.05,422,16
229,2025-05-05,Dostarczone,0.0,0.05,53,22
230,2026-03-15,Zwrot,0.0,0.05,495,29
231,2026-03-14,Zwrot,0.0,0.05,184,27
232,2025-09-28,Dostarczone,0.05,0.05,226,12
233,2025-09-10,Dostarczone,0.0,0.05,319,30
234,2026-02-24,Zwrot,0.1,0.05,445,20
235,2025-11-12,Dostarczone,0.0,0.05,421,2
236,2025-05-04,Dostarczone,0.1,0.05,363,2
237,2025-07-25,Dostarczone,0.0,0.05,5,18
238,2025-06-30,Dostarczone,0.0,0.05,27,6
239,2026-02-18,Dostarczone,0.0,0.05,182,8
240,2026-02-03,Dostarczone,0.0,0.05,235,16
241,2025-06-23,Dostarczone,0.1,0.05,223,10
242,2025-10-03,Dostarczone,0.0,0.05,372,10
243,2025-08-06,Dostarczone,0.0,0.05,38,25
244,2025-12-07,Dostarczone,0.1,0.05,32,13
245,2026-03-02,Zwrot,0.0,0.05,201,17
246,2025-06-02,Dostarczone,0.0,0.05,56,15
247,2025-09-24,Dostarczone,0.0,0.05,340,11
248,2025-09-27,Dostarczone,0.0,0.05,185,23
249,2026-01-23,Dostarczone,0.0,0.05,458,20
250,2025-07-17,Dostarczone,0.15,0.05,267,26
251,2025-06-13,Dostarczone,0.0,0.05,344,10
252,2025-04-28,Dostarczone,0.0,0.05,340,11
253,2025-11-29,Dostarczone,0.15,0.05,414,29
254,2026-02-13,Zwrot,0.0,0.05,449,1
255,2025-09-14,Dostarczone,0.0,0.05,133,1
256,2026-01-17,Dostarczone,0.05,0.05,487,27
257,2026-01-03,Dostarczone,0.0,0.05,180,22
258,2025-10-26,Dostarczone,0.0,0.05,375,13
259,2026-02-28,Zwrot,0.0,0.05,15,19
260,2025-12-19,Dostarczone,0.05,0.05,288,28
261,2025-06-16,Dostarczone,0.0,0.05,42,27
262,2025-11-25,Dostarczone,0.0,0.05,465,2
263,2025-11-29,Dostarczone,0.05,0.05,105,24
264,2025-06-05,Dostarczone,0.1,0.05,356,13
265,2025-04-24,Dostarczone,0.0,0.05,166,15
266,2025-12-28,Dostarczone,0.0,0.05,236,29
267,2025-06-09,Dostarczone,0.0,0.05,426,12
268,2025-08-07,Dostarczone,0.0,0.05,492,28
269,2025-08-13,Dostarczone,0.0,0.05,73,11
270,2025-09-17,Dostarczone,0.0,0.05,388,22
271,2025-05-25,Dostarczone,0.0,0.05,319,3
272,2026-03-11,Dostarczone,0.0,0.05,226,3
273,2025-12-22,Dostarczone,0.05,0.05,181,26
274,2025-06-02,Dostarczone,0.15,0.05,312,17
275,2025-12-27,Dostarczone,0.0,0.05,75,16
276,2026-03-20,Dostarczone,0.15,0.05,75,16
277,2025-06-19,Dostarczone,0.1,0.05,14,17
278,2025-04-18,Dostarczone,0.0,0.05,440,23
279,2025-04-30,Dostarczone,0.1,0.05,7,3
280,2025-05-17,Dostarczone,0.0,0.05,92,10
281,2025-12-30,Dostarczone,0.05,0.05,380,8
282,2025-10-01,Dostarczone,0.0,0.05,460,13
283,2025-10-21,Dostarczone,0.0,0.05,105,17
284,2025-09-04,Dostarczone,0.0,0.05,380,25
285,2025-10-04,Dostarczone,0.0,0.05,325,2
286,2025-12-13,Dostarczone,0.0,0.05,220,1
287,2026-01-26,Dostarczone,0.0,0.05,268,19
288,2025-12-24,Dostarczone,0.0,0.05,312,18
289,2026-03-06,Zwrot,0.0,0.05,461,30
290,2025-09-24,Dostarczone,0.0,0.05,463,18
291,2025-11-07,Zwrot,0.0,0.05,369,12
292,2026-02-02,Dostarczone,0.0,0.05,310,27
293,2026-01-16,Dostarczone,0.0,0.05,127,18
294,2025-08-02,Dostarczone,0.0,0.05,487,24
295,2025-05-21,Dostarczone,0.15,0.05,274,21
296,2025-04-16,Dostarczone,0.0,0.05,298,3
297,2025-04-13,Dostarczone,0.1,0.05,279,11
298,2025-10-02,Dostarczone,0.1,0.05,161,29
299,2025-12-03,Dostarczone,0.0,0.05,340,24
300,2025-05-22,Dostarczone,0.0,0.05,355,6
301,2025-11-03,Dostarczone,0.0,0.05,97,28
302,2025-10-18,Dostarczone,0.0,0.05,96,18
303,2025-12-16,Dostarczone,0.0,0.05,360,20
304,2025-10-31,Dostarczone,0.15,0.05,92,17
305,2025-05-02,Dostarczone,0.1,0.05,11,13
306,2025-07-27,Dostarczone,0.0,0.05,243,7
307,2025-08-02,Dostarczone,0.0,0.05,308,7
308,2026-01-17,Dostarczone,0.0,0.05,415,28
309,2025-09-11,Dostarczone,0.0,0.05,364,28
310,2026-02-25,Zwrot,0.0,0.05,461,22
311,2025-06-04,Dostarczone,0.1,0.05,395,7
312,2025-09-01,Dostarczone,0.0,0.05,223,15
313,2025-11-26,Dostarczone,0.0,0.05,386,25
314,2026-03-09,Zwrot,0.0,0.05,100,27
315,2025-11-23,Dostarczone,0.0,0.05,110,17
316,2025-09-10,Dostarczone,0.05,0.05,294,4
317,2025-10-19,Dostarczone,0.0,0.05,248,5
318,2025-05-28,Dostarczone,0.0,0.05,114,17
319,2025-11-24,Dostarczone,0.0,0.05,369,27
320,2026-03-30,Dostarczone,0.0,0.05,7,23
321,2025-11-16,Dostarczone,0.05,0.05,83,10
322,2025-09-01,Dostarczone,0.0,0.05,48,3
323,2025-04-21,Dostarczone,0.15,0.05,375,16
324,2026-02-25,Zwrot,0.05,0.05,252,21
325,2026-02-25,Zwrot,0.0,0.05,105,20
326,2026-03-14,Zwrot,0.0,0.05,334,20
327,2025-05-28,Dostarczone,0.0,0.05,186,12
328,2026-03-12,Zwrot,0.0,0.05,205,7
329,2025-05-12,Dostarczone,0.0,0.05,485,27
330,2026-02-03,Dostarczone,0.0,0.05,132,24
331,2025-08-27,Dostarczone,0.0,0.05,462,30
332,2026-01-23,Dostarczone,0.0,0.05,246,30
333,2025-05-23,Dostarczone,0.05,0.05,294,7
334,2025-07-07,Dostarczone,0.0,0.05,363,9
335,2025-09-06,Dostarczone,0.0,0.05,186,19
336,2025-05-27,Dostarczone,0.0,0.05,94,9
337,2025-06-22,Dostarczone,0.0,0.05,130,14
338,2025-12-11,Dostarczone,0.0,0.05,374,22
339,2026-03-04,Zwrot,0.0,0.05,54,19
340,2025-12-28,Dostarczone,0.0,0.05,163,28
341,2025-10-17,Dostarczone,0.05,0.05,461,12
342,2026-01-26,Dostarczone,0.0,0.05,431,17
343,2025-06-09,Dostarczone,0.0,0.05,376,20
344,2026-02-11,Dostarczone,0.0,0.05,370,6
345,2026-02-08,Dostarczone,0.0,0.05,327,19
346,2025-08-30,Dostarczone,0.0,0.05,305,16
347,2026-02-17,Dostarczone,0.25,0.05,139,13
348,2026-03-29,Dostarczone,0.05,0.05,474,2
349,2025-09-26,Dostarczone,0.0,0.05,192,5
350,2025-07-22,Dostarczone,0.0,0.05,401,22
351,2026-01-24,Dostarczone,0.0,0.05,142,16
352,2025-04-12,Dostarczone,0.0,0.05,45,9
353,2025-06-08,Dostarczone,0.0,0.05,485,7
354,2025-06-19,Dostarczone,0.0,0.05,496,9
355,2025-08-14,Dostarczone,0.0,0.05,443,3
356,2025-11-18,Dostarczone,0.2,0.05,420,13
357,2025-05-10,Dostarczone,0.1,0.05,397,19
358,2025-05-28,Zwrot,0.0,0.05,40,21
359,2025-10-04,Dostarczone,0.15,0.05,139,13
360,2025-06-15,Dostarczone,0.0,0.05,149,13
361,2025-07-19,Dostarczone,0.0,0.05,46,24
362,2025-09-10,Dostarczone,0.0,0.05,18,13
363,2025-08-01,Dostarczone,0.0,0.05,76,1
364,2025-06-13,Dostarczone,0.0,0.05,493,9
365,2025-07-19,Dostarczone,0.0,0.05,78,13
366,2025-10-13,Dostarczone,0.0,0.05,295,18
367,2026-02-14,Dostarczone,0.0,0.05,309,11
368,2025-11-09,Dostarczone,0.0,0.05,312,29
369,2025-12-27,Dostarczone,0.0,0.05,497,7
370,2025-04-17,Dostarczone,0.0,0.05,434,11
371,2026-03-29,Dostarczone,0.0,0.05,241,13
372,2025-07-04,Dostarczone,0.1,0.05,144,14
373,2025-06-12,Dostarczone,0.1,0.05,216,28
374,2025-08-01,Dostarczone,0.0,0.05,477,29
375,2025-10-07,Dostarczone,0.0,0.05,77,10
376,2025-08-02,Dostarczone,0.0,0.05,160,21
377,2025-05-09,Zwrot,0.0,0.05,437,25
378,2025-06-15,Dostarczone,0.0,0.05,54,2
379,2025-09-04,Dostarczone,0.0,0.05,357,9
380,2026-02-14,Dostarczone,0.0,0.05,491,6
381,2025-12-21,Dostarczone,0.0,0.05,480,27
382,2026-02-18,Zwrot,0.0,0.05,475,21
383,2025-05-01,Dostarczone,0.0,0.05,429,22
384,2025-10-29,Dostarczone,0.0,0.05,246,3
385,2025-12-22,Dostarczone,0.0,0.05,159,13
386,2025-11-29,Dostarczone,0.05,0.05,332,22
387,2025-05-06,Dostarczone,0.0,0.05,459,15
388,2025-05-05,Dostarczone,0.0,0.05,386,6
389,2025-08-09,Dostarczone,0.0,0.05,142,14
390,2026-02-03,Dostarczone,0.0,0.05,124,20
391,2026-03-02,Zwrot,0.05,0.05,86,20
392,2025-08-26,Dostarczone,0.0,0.05,261,2
393,2025-04-11,Dostarczone,0.0,0.05,271,1
394,2026-04-01,Dostarczone,0.0,0.05,339,7
395,2026-04-02,Dostarczone,0.0,0.05,171,16
396,2025-07-28,Dostarczone,0.0,0.05,345,26
397,2025-10-16,Dostarczone,0.15,0.05,278,28
398,2025-12-24,Dostarczone,0.0,0.05,365,2
399,2025-12-05,Dostarczone,0.0,0.05,309,20
400,2025-10-13,Dostarczone,0.0,0.05,112,29
401,2025-11-28,Dostarczone,0.0,0.05,263,8
402,2025-08-07,Dostarczone,0.0,0.05,32,28
403,2025-05-10,Dostarczone,0.0,0.05,410,14
404,2025-06-01,Dostarczone,0.0,0.05,312,21
405,2025-06-16,Dostarczone,0.0,0.05,108,6
406,2025-05-15,Dostarczone,0.05,0.05,203,27
407,2025-07-30,Dostarczone,0.0,0.05,289,16
408,2025-06-03,Dostarczone,0.0,0.05,430,8
409,2025-05-28,Dostarczone,0.0,0.05,397,11
410,2025-04-12,Dostarczone,0.0,0.05,98,22
411,2025-07-10,Dostarczone,0.0,0.05,478,13
412,2025-10-08,Dostarczone,0.15,0.05,30,7
413,2025-12-31,Dostarczone,0.05,0.05,236,27
414,2025-09-10,Dostarczone,0.15,0.05,420,27
415,2025-04-26,Dostarczone,0.0,0.05,158,28
416,2025-06-23,Zwrot,0.0,0.05,77,7
417,2025-05-02,Dostarczone,0.0,0.05,144,13
418,2025-10-21,Dostarczone,0.0,0.05,154,5
419,2025-05-26,Dostarczone,0.05,0.05,303,6
420,2025-09-15,Dostarczone,0.0,0.05,247,3
421,2025-11-18,Dostarczone,0.0,0.05,142,2
422,2025-06-25,Dostarczone,0.0,0.05,237,30
423,2025-12-31,Dostarczone,0.0,0.05,320,14
424,2025-04-30,Dostarczone,0.0,0.05,316,10
425,2025-11-04,Dostarczone,0.0,0.05,173,26
426,2025-05-02,Dostarczone,0.0,0.05,288,14
427,2025-08-03,Dostarczone,0.0,0.05,393,10
428,2025-11-16,Dostarczone,0.0,0.05,444,21
429,2025-05-11,Dostarczone,0.0,0.05,469,23
430,2025-06-04,Dostarczone,0.0,0.05,276,13
431,2026-01-31,Dostarczone,0.0,0.05,13,13
432,2026-01-28,Dostarczone,0.0,0.05,168,3
433,2025-09-12,Dostarczone,0.0,0.05,147,6
434,2025-11-09,Dostarczone,0.0,0.05,246,16
435,2026-04-04,Zwrot,0.05,0.05,475,5
436,2025-05-15,Zwrot,0.0,0.05,103,7
437,2026-02-15,Dostarczone,0.0,0.05,157,28
438,2026-03-01,Zwrot,0.0,0.05,15,6
439,2026-01-07,Dostarczone,0.1,0.05,498,1
440,2025-12-19,Dostarczone,0.0,0.05,106,20
441,2025-07-21,Dostarczone,0.0,0.05,257,28
442,2026-02-14,Zwrot,0.0,0.05,321,6
443,2025-12-24,Dostarczone,0.0,0.05,491,2
444,2025-10-05,Dostarczone,0.15,0.05,164,7
445,2025-06-09,Dostarczone,0.15,0.05,46,27
446,2025-10-30,Dostarczone,0.0,0.05,393,27
447,2025-07-13,Dostarczone,0.0,0.05,160,12
448,2026-02-22,Zwrot,0.1,0.05,129,10
449,2025-06-26,Dostarczone,0.1,0.05,63,14
450,2025-11-04,Dostarczone,0.0,0.05,216,1
451,2026-02-17,Dostarczone,0.15,0.05,229,3
452,2025-06-29,Dostarczone,0.0,0.05,220,10
453,2025-04-17,Dostarczone,0.1,0.05,499,6
454,2025-11-23,Dostarczone,0.05,0.05,93,22
455,2026-02-06,Dostarczone,0.0,0.05,484,25
456,2025-08-11,Dostarczone,0.0,0.05,155,16
457,2026-01-02,Dostarczone,0.0,0.05,461,19
458,2025-05-05,Dostarczone,0.0,0.05,39,14
459,2025-04-09,Dostarczone,0.0,0.05,494,3
460,2025-12-04,Dostarczone,0.0,0.05,334,19
461,2025-08-09,Dostarczone,0.0,0.05,52,13
462,2025-07-14,Dostarczone,0.05,0.05,177,17
463,2025-11-27,Dostarczone,0.0,0.05,201,28
464,2025-04-14,Dostarczone,0.0,0.05,469,8
465,2025-11-05,Dostarczone,0.0,0.05,225,9
466,2026-01-12,Dostarczone,0.0,0.05,150,23
467,2025-07-07,Dostarczone,0.0,0.05,314,25
468,2026-02-21,Dostarczone,0.0,0.05,195,16
469,2025-07-05,Dostarczone,0.05,0.05,338,26
470,2025-10-07,Dostarczone,0.0,0.05,152,30
471,2025-08-16,Dostarczone,0.0,0.05,15,13
472,2025-07-02,Dostarczone,0.0,0.05,491,15
473,2025-11-19,Dostarczone,0.0,0.05,25,28
474,2026-03-30,Zwrot,0.0,0.05,301,8
475,2026-01-28,Dostarczone,0.0,0.05,169,29
476,2025-04-16,Dostarczone,0.0,0.05,314,4
477,2025-12-10,Dostarczone,0.0,0.05,113,2
478,2025-09-07,Zwrot,0.15,0.05,83,20
479,2025-05-03,Dostarczone,0.0,0.05,404,17
480,2025-07-05,Dostarczone,0.0,0.05,69,22
481,2025-12-26,Dostarczone,0.0,0.05,59,4
482,2025-11-26,Dostarczone,0.0,0.05,219,5
483,2025-08-03,Dostarczone,0.0,0.05,356,23
484,2025-11-23,Dostarczone,0.1,0.05,328,22
485,2025-09-19,Dostarczone,0.0,0.05,92,26
486,2025-07-15,Dostarczone,0.0,0.05,374,13
487,2025-08-11,Dostarczone,0.0,0.05,161,30
488,2026-01-01,Dostarczone,0.1,0.05,164,6
489,2026-02-04,Dostarczone,0.0,0.05,106,27
490,2025-08-02,Dostarczone,0.0,0.05,289,30
491,2025-06-04,Dostarczone,0.1,0.05,180,26
492,2026-03-06,Zwrot,0.0,0.05,474,24
493,2025-10-29,Dostarczone,0.0,0.05,464,5
494,2025-07-07,Dostarczone,0.0,0.05,242,14
495,2025-06-12,Dostarczone,0.0,0.05,373,22
496,2026-03-25,Dostarczone,0.1,0.05,235,28
497,2025-09-05,Dostarczone,0.0,0.05,118,23
498,2025-10-11,Dostarczone,0.0,0.05,118,12
499,2025-04-13,Dostarczone,0.1,0.05,362,9
500,2025-06-07,Dostarczone,0.0,0.05,123,28
501,2026-03-10,Zwrot,0.1,0.05,115,25
502,2025-09-20,Zwrot,0.05,0.05,15,7
503,2025-09-20,Dostarczone,0.0,0.05,483,16
504,2026-01-04,Dostarczone,0.0,0.05,167,20
505,2025-10-01,Dostarczone,0.0,0.05,180,23
506,2025-04-28,Dostarczone,0.0,0.05,48,25
507,2025-07-23,Dostarczone,0.15,0.05,31,21
508,2025-06-20,Dostarczone,0.0,0.05,424,13
509,2026-01-18,Dostarczone,0.0,0.05,57,23
510,2025-07-28,Dostarczone,0.0,0.05,475,7
511,2025-04-22,Dostarczone,0.05,0.05,85,12
512,2025-06-04,Dostarczone,0.25,0.05,419,6
513,2025-07-07,Dostarczone,0.0,0.05,404,3
514,2026-03-26,Zwrot,0.0,0.05,289,14
515,2025-08-21,Dostarczone,0.0,0.05,372,13
516,2025-09-28,Dostarczone,0.0,0.05,380,28
517,2025-05-02,Dostarczone,0.0,0.05,171,2
518,2025-10-16,Dostarczone,0.0,0.05,464,11
519,2025-11-05,Dostarczone,0.0,0.05,9,28
520,2026-03-17,Zwrot,0.0,0.05,215,7
521,2025-07-23,Dostarczone,0.0,0.05,439,2
522,2025-12-19,Dostarczone,0.0,0.05,375,18
523,2025-08-08,Dostarczone,0.0,0.05,359,26
524,2025-06-04,Dostarczone,0.1,0.05,382,12
525,2025-11-24,Dostarczone,0.0,0.05,263,6
526,2025-06-05,Dostarczone,0.1,0.05,334,5
527,2025-10-31,Dostarczone,0.0,0.05,181,19
528,2025-06-16,Dostarczone,0.1,0.05,357,13
529,2026-03-18,Dostarczone,0.15,0.05,392,1
530,2025-11-05,Dostarczone,0.0,0.05,341,2
531,2025-10-01,Dostarczone,0.0,0.05,212,11
532,2025-10-05,Dostarczone,0.0,0.05,181,17
533,2025-07-04,Dostarczone,0.1,0.05,236,3
534,2025-07-17,Dostarczone,0.0,0.05,373,6
535,2026-01-07,Zwrot,0.0,0.05,36,3
536,2025-07-23,Dostarczone,0.0,0.05,389,2
537,2025-07-27,Dostarczone,0.0,0.05,29,9
538,2026-02-12,Dostarczone,0.0,0.05,400,24
539,2025-09-11,Dostarczone,0.0,0.05,302,19
540,2025-07-18,Dostarczone,0.0,0.05,344,18
541,2026-04-01,Zwrot,0.0,0.05,327,14
542,2025-09-02,Dostarczone,0.0,0.05,388,4
543,2025-12-31,Zwrot,0.05,0.05,349,25
544,2025-04-12,Dostarczone,0.0,0.05,249,7
545,2025-06-12,Dostarczone,0.0,0.05,259,2
546,2025-05-08,Dostarczone,0.0,0.05,155,24
547,2025-11-27,Dostarczone,0.0,0.05,163,25
548,2025-10-04,Dostarczone,0.0,0.05,75,18
549,2025-11-13,Dostarczone,0.0,0.05,494,29
550,2026-02-09,Dostarczone,0.0,0.05,280,4
551,2026-03-18,Zwrot,0.0,0.05,386,19
552,2025-11-28,Dostarczone,0.05,0.05,106,1
553,2026-03-10,Dostarczone,0.0,0.05,212,17
554,2025-08-20,Dostarczone,0.15,0.05,455,12
555,2025-09-11,Dostarczone,0.0,0.05,430,6
556,2025-08-16,Dostarczone,0.0,0.05,241,16
557,2025-10-03,Dostarczone,0.0,0.05,480,24
558,2025-08-06,Dostarczone,0.0,0.05,115,20
559,2025-10-22,Dostarczone,0.0,0.05,75,15
560,2025-11-25,Dostarczone,0.1,0.05,486,19
561,2025-10-16,Dostarczone,0.15,0.05,188,18
562,2026-03-31,Zwrot,0.0,0.05,353,9
563,2025-10-21,Dostarczone,0.0,0.05,29,3
564,2025-10-07,Dostarczone,0.05,0.05,42,6
565,2025-08-01,Dostarczone,0.05,0.05,70,23
566,2025-06-04,Dostarczone,0.0,0.05,148,24
567,2026-02-17,Dostarczone,0.05,0.05,14,18
568,2025-04-13,Dostarczone,0.0,0.05,63,17
569,2025-09-28,Dostarczone,0.0,0.05,413,22
570,2025-11-07,Dostarczone,0.2,0.05,432,9
571,2025-09-16,Dostarczone,0.0,0.05,82,23
572,2025-04-13,Dostarczone,0.0,0.05,296,13
573,2025-09-02,Dostarczone,0.0,0.05,485,14
574,2025-09-21,Dostarczone,0.1,0.05,405,11
575,2025-10-27,Dostarczone,0.0,0.05,254,24
576,2025-09-03,Dostarczone,0.0,0.05,273,10
577,2025-12-10,Dostarczone,0.0,0.05,137,21
578,2025-09-24,Dostarczone,0.0,0.05,145,24
579,2025-09-10,Dostarczone,0.05,0.05,103,9
580,2025-04-18,Dostarczone,0.0,0.05,498,19
581,2025-08-13,Dostarczone,0.0,0.05,488,29
582,2025-04-27,Zwrot,0.0,0.05,8,2
583,2025-05-03,Dostarczone,0.0,0.05,99,12
584,2025-07-21,Dostarczone,0.1,0.05,166,19
585,2025-10-15,Dostarczone,0.0,0.05,499,20
586,2025-04-16,Dostarczone,0.05,0.05,346,24
587,2025-09-13,Dostarczone,0.0,0.05,294,7
588,2025-06-04,Dostarczone,0.0,0.05,308,30
589,2025-12-14,Dostarczone,0.05,0.05,439,13
590,2025-05-22,Dostarczone,0.0,0.05,5,19
591,2025-11-29,Dostarczone,0.0,0.05,330,12
592,2025-04-19,Dostarczone,0.0,0.05,207,12
593,2026-03-29,Zwrot,0.05,0.05,353,5
594,2026-02-23,Zwrot,0.0,0.05,433,9
595,2025-05-24,Dostarczone,0.0,0.05,64,19
596,2025-04-15,Dostarczone,0.05,0.05,462,20
597,2026-04-02,Dostarczone,0.0,0.05,119,24
598,2025-07-31,Dostarczone,0.0,0.05,500,25
599,2025-04-20,Dostarczone,0.0,0.05,208,9
600,2025-11-21,Dostarczone,0.0,0.05,13,16
601,2025-07-01,Dostarczone,0.0,0.05,254,20
602,2025-12-24,Dostarczone,0.0,0.05,270,1
603,2025-06-08,Dostarczone,0.2,0.05,199,30
604,2025-07-21,Dostarczone,0.0,0.05,241,9
605,2025-05-14,Dostarczone,0.0,0.05,256,15
606,2025-08-23,Dostarczone,0.1,0.05,497,12
607,2025-08-25,Dostarczone,0.0,0.05,339,15
608,2026-03-12,Zwrot,0.0,0.05,442,12
609,2026-02-18,Zwrot,0.15,0.05,288,14
610,2025-12-01,Dostarczone,0.05,0.05,53,11
611,2025-12-03,Dostarczone,0.0,0.05,150,30
612,2025-05-12,Dostarczone,0.0,0.05,407,8
613,2026-03-02,Zwrot,0.05,0.05,234,17
614,2025-10-04,Dostarczone,0.0,0.05,123,4
615,2025-10-10,Dostarczone,0.0,0.05,305,27
616,2025-06-23,Zwrot,0.0,0.05,126,29
617,2025-04-10,Dostarczone,0.0,0.05,214,7
618,2026-01-08,Dostarczone,0.0,0.05,160,10
619,2025-06-10,Dostarczone,0.0,0.05,398,24
620,2025-08-09,Dostarczone,0.0,0.05,295,2
621,2025-09-07,Dostarczone,0.0,0.05,112,15
622,2025-09-22,Dostarczone,0.0,0.05,318,28
623,2025-10-06,Dostarczone,0.0,0.05,471,17
624,2025-10-15,Dostarczone,0.15,0.05,140,5
625,2026-02-20,Zwrot,0.15,0.05,466,12
626,2025-08-28,Dostarczone,0.0,0.05,212,9
627,2025-09-08,Dostarczone,0.0,0.05,204,30
628,2025-11-22,Dostarczone,0.05,0.05,205,3
629,2025-11-26,Dostarczone,0.0,0.05,259,1
630,2025-07-20,Dostarczone,0.05,0.05,130,23
631,2025-05-22,Dostarczone,0.1,0.05,226,21
632,2025-07-06,Dostarczone,0.05,0.05,261,7
633,2026-02-07,Zwrot,0.0,0.05,190,9
634,2025-11-25,Dostarczone,0.0,0.05,18,28
635,2025-10-24,Dostarczone,0.0,0.05,147,13
636,2025-07-05,Dostarczone,0.0,0.05,181,28
637,2025-05-20,Dostarczone,0.25,0.05,376,1
638,2025-05-12,Dostarczone,0.0,0.05,317,22
639,2025-08-18,Dostarczone,0.0,0.05,459,15
640,2026-03-18,Zwrot,0.0,0.05,465,15
641,2025-06-01,Dostarczone,0.0,0.05,193,27
642,2025-12-30,Dostarczone,0.0,0.05,281,23
643,2026-04-01,Dostarczone,0.1,0.05,68,13
644,2025-08-25,Dostarczone,0.05,0.05,362,23
645,2025-09-29,Dostarczone,0.0,0.05,70,7
646,2025-05-15,Dostarczone,0.05,0.05,124,15
647,2025-12-19,Dostarczone,0.0,0.05,329,7
648,2025-10-22,Dostarczone,0.25,0.05,285,15
649,2025-09-13,Dostarczone,0.0,0.05,208,9
650,2026-01-01,Dostarczone,0.0,0.05,31,18
651,2026-02-16,Zwrot,0.0,0.05,312,24
652,2026-01-28,Dostarczone,0.05,0.05,184,24
653,2026-03-30,Dostarczone,0.0,0.05,289,17
654,2026-02-01,Dostarczone,0.0,0.05,500,14
655,2025-11-26,Dostarczone,0.0,0.05,292,19
656,2026-02-26,Zwrot,0.0,0.05,247,11
657,2026-03-01,Dostarczone,0.0,0.05,472,1
658,2025-07-21,Dostarczone,0.0,0.05,34,1
659,2026-01-26,Dostarczone,0.0,0.05,490,24
660,2025-04-12,Dostarczone,0.05,0.05,100,21
661,2025-07-29,Dostarczone,0.1,0.05,218,14
662,2026-01-11,Dostarczone,0.05,0.05,253,24
663,2025-08-14,Dostarczone,0.0,0.05,303,16
664,2026-01-24,Dostarczone,0.0,0.05,263,17
665,2025-06-15,Dostarczone,0.0,0.05,285,6
666,2025-08-29,Dostarczone,0.0,0.05,133,6
667,2025-10-18,Zwrot,0.05,0.05,478,4
668,2025-04-10,Dostarczone,0.0,0.05,469,12
669,2025-05-08,Dostarczone,0.05,0.05,304,20
670,2025-05-29,Dostarczone,0.05,0.05,156,9
671,2025-09-03,Dostarczone,0.0,0.05,446,30
672,2025-05-27,Dostarczone,0.2,0.05,231,21
673,2025-07-01,Dostarczone,0.0,0.05,341,10
674,2025-09-05,Dostarczone,0.0,0.05,244,19
675,2025-12-25,Dostarczone,0.05,0.05,277,2
676,2025-08-18,Dostarczone,0.05,0.05,295,20
677,2026-03-06,Zwrot,0.0,0.05,319,18
678,2026-02-17,Zwrot,0.0,0.05,96,4
679,2025-11-08,Dostarczone,0.05,0.05,203,2
680,2025-10-20,Zwrot,0.0,0.05,214,30
681,2025-06-24,Dostarczone,0.0,0.05,51,5
682,2025-08-29,Zwrot,0.0,0.05,182,24
683,2026-02-12,Zwrot,0.0,0.05,245,14
684,2025-11-14,Dostarczone,0.0,0.05,490,24
685,2025-09-24,Dostarczone,0.0,0.05,96,14
686,2026-01-19,Dostarczone,0.0,0.05,235,26
687,2025-11-20,Dostarczone,0.0,0.05,467,12
688,2025-08-17,Dostarczone,0.0,0.05,495,19
689,2025-04-18,Dostarczone,0.15,0.05,406,26
690,2025-11-11,Dostarczone,0.0,0.05,356,15
691,2026-01-14,Dostarczone,0.0,0.05,141,14
692,2025-09-18,Dostarczone,0.0,0.05,387,4
693,2025-07-05,Dostarczone,0.0,0.05,153,24
694,2025-07-22,Dostarczone,0.0,0.05,342,26
695,2025-06-14,Dostarczone,0.0,0.05,62,11
696,2025-10-25,Dostarczone,0.05,0.05,315,20
697,2025-09-08,Dostarczone,0.1,0.05,494,9
698,2025-08-20,Dostarczone,0.0,0.05,187,27
699,2025-04-11,Dostarczone,0.0,0.05,232,21
700,2025-08-19,Dostarczone,0.0,0.05,300,24
701,2025-05-29,Dostarczone,0.0,0.05,236,22
702,2025-10-26,Dostarczone,0.0,0.05,81,24
703,2026-01-25,Dostarczone,0.0,0.05,293,20
704,2025-11-09,Dostarczone,0.0,0.05,346,20
705,2025-10-30,Dostarczone,0.0,0.05,108,5
706,2025-07-20,Dostarczone,0.0,0.05,14,9
707,2025-09-28,Dostarczone,0.0,0.05,414,10
708,2025-10-12,Dostarczone,0.05,0.05,225,7
709,2025-06-01,Dostarczone,0.0,0.05,157,7
710,2025-10-30,Dostarczone,0.0,0.05,348,8
711,2025-12-12,Dostarczone,0.0,0.05,396,30
712,2025-05-19,Dostarczone,0.0,0.05,150,28
713,2025-07-28,Dostarczone,0.0,0.05,399,7
714,2026-02-01,Zwrot,0.0,0.05,450,19
715,2025-11-21,Dostarczone,0.0,0.05,364,9
716,2025-09-26,Dostarczone,0.0,0.05,295,1
717,2025-05-26,Dostarczone,0.0,0.05,174,6
718,2026-01-13,Dostarczone,0.0,0.05,144,17
719,2025-10-16,Dostarczone,0.1,0.05,250,20
720,2025-11-19,Dostarczone,0.0,0.05,188,14
721,2025-12-18,Dostarczone,0.0,0.05,283,24
722,2025-05-22,Dostarczone,0.2,0.05,371,22
723,2026-02-15,Dostarczone,0.0,0.05,248,8
724,2025-05-01,Dostarczone,0.0,0.05,226,14
725,2026-03-13,Dostarczone,0.05,0.05,375,22
726,2025-07-17,Dostarczone,0.0,0.05,253,19
727,2026-03-06,Dostarczone,0.0,0.05,367,17
728,2025-11-15,Dostarczone,0.0,0.05,320,23
729,2025-06-27,Dostarczone,0.0,0.05,48,4
730,2025-06-09,Dostarczone,0.1,0.05,413,24
731,2025-12-18,Dostarczone,0.05,0.05,340,27
732,2025-07-26,Dostarczone,0.0,0.05,452,10
733,2025-11-10,Dostarczone,0.1,0.05,437,11
734,2026-02-22,Zwrot,0.2,0.05,157,21
735,2025-08-25,Dostarczone,0.0,0.05,249,28
736,2026-02-26,Zwrot,0.0,0.05,484,30
737,2026-01-11,Zwrot,0.0,0.05,366,14
738,2025-09-16,Dostarczone,0.0,0.05,443,29
739,2026-02-28,Dostarczone,0.05,0.05,271,17
740,2025-10-19,Dostarczone,0.0,0.05,79,25
741,2025-05-27,Dostarczone,0.0,0.05,211,25
742,2025-09-14,Dostarczone,0.0,0.05,80,22
743,2025-09-13,Dostarczone,0.0,0.05,102,1
744,2025-05-25,Dostarczone,0.0,0.05,204,2
745,2025-04-17,Dostarczone,0.0,0.05,23,26
746,2025-08-16,Dostarczone,0.0,0.05,156,17
747,2025-10-05,Dostarczone,0.05,0.05,500,18
748,2025-06-30,Dostarczone,0.0,0.05,35,26
749,2026-02-15,Dostarczone,0.0,0.05,461,12
750,2025-06-21,Dostarczone,0.0,0.05,92,18
751,2025-11-18,Dostarczone,0.05,0.05,91,11
752,2026-03-25,Zwrot,0.0,0.05,203,28
753,2026-01-10,Dostarczone,0.2,0.05,429,30
754,2025-05-04,Dostarczone,0.1,0.05,111,25
755,2025-09-15,Dostarczone,0.0,0.05,300,10
756,2025-05-10,Dostarczone,0.0,0.05,317,20
757,2025-11-20,Dostarczone,0.0,0.05,310,20
758,2025-09-30,Dostarczone,0.0,0.05,47,23
759,2026-02-12,Dostarczone,0.05,0.05,245,22
760,2026-04-02,Zwrot,0.0,0.05,343,23
761,2025-08-20,Dostarczone,0.0,0.05,340,20
762,2025-06-01,Dostarczone,0.0,0.05,2,28
763,2025-05-28,Dostarczone,0.1,0.05,111,16
764,2025-05-18,Dostarczone,0.0,0.05,10,19
765,2025-08-21,Dostarczone,0.0,0.05,76,14
766,2025-12-31,Zwrot,0.0,0.05,116,25
767,2025-10-20,Dostarczone,0.05,0.05,454,30
768,2025-07-07,Dostarczone,0.0,0.05,421,11
769,2025-10-22,Dostarczone,0.0,0.05,21,5
770,2026-04-02,Zwrot,0.0,0.05,96,6
771,2025-10-09,Dostarczone,0.0,0.05,250,20
772,2025-06-06,Dostarczone,0.0,0.05,458,29
773,2025-06-21,Dostarczone,0.0,0.05,54,14
774,2026-02-14,Dostarczone,0.0,0.05,232,27
775,2026-01-07,Zwrot,0.0,0.05,86,10
776,2025-06-22,Dostarczone,0.05,0.05,453,15
777,2026-02-13,Dostarczone,0.0,0.05,159,29
778,2025-09-24,Dostarczone,0.0,0.05,6,12
779,2025-04-19,Dostarczone,0.0,0.05,99,23
780,2025-11-26,Dostarczone,0.15,0.05,235,21
781,2025-08-25,Dostarczone,0.05,0.05,118,13
782,2025-08-30,Dostarczone,0.0,0.05,451,14
783,2026-01-04,Dostarczone,0.0,0.05,331,23
784,2025-07-13,Dostarczone,0.0,0.05,339,7
785,2026-03-23,Zwrot,0.0,0.05,476,27
786,2025-11-13,Dostarczone,0.05,0.05,386,1
787,2026-03-11,Dostarczone,0.0,0.05,462,28
788,2025-05-22,Dostarczone,0.0,0.05,175,23
789,2025-07-18,Dostarczone,0.05,0.05,199,5
790,2025-04-19,Dostarczone,0.1,0.05,43,13
791,2026-02-12,Dostarczone,0.0,0.05,279,27
792,2025-07-22,Zwrot,0.0,0.05,360,24
793,2025-08-12,Zwrot,0.0,0.05,109,18
794,2025-12-25,Dostarczone,0.0,0.05,409,24
795,2025-12-26,Dostarczone,0.0,0.05,110,13
796,2026-02-08,Dostarczone,0.15,0.05,73,1
797,2025-05-03,Dostarczone,0.0,0.05,194,13
798,2026-02-25,Dostarczone,0.0,0.05,136,19
799,2025-04-13,Dostarczone,0.1,0.05,279,12
800,2026-01-11,Dostarczone,0.0,0.05,496,13
801,2025-08-05,Dostarczone,0.0,0.05,445,12
802,2025-06-13,Dostarczone,0.1,0.05,229,4
803,2025-11-25,Dostarczone,0.0,0.05,353,21
804,2025-12-09,Dostarczone,0.0,0.05,97,10
805,2025-11-10,Dostarczone,0.15,0.05,299,1
806,2026-02-14,Zwrot,0.0,0.05,232,10
807,2025-08-07,Zwrot,0.25,0.05,69,17
808,2025-06-21,Dostarczone,0.0,0.05,380,9
809,2026-03-13,Dostarczone,0.05,0.05,48,6
810,2025-09-11,Dostarczone,0.0,0.05,74,14
811,2025-04-17,Dostarczone,0.0,0.05,389,1
812,2025-07-18,Dostarczone,0.0,0.05,291,5
813,2025-05-10,Dostarczone,0.0,0.05,272,11
814,2025-08-28,Dostarczone,0.0,0.05,121,23
815,2025-05-20,Dostarczone,0.15,0.05,128,12
816,2025-07-11,Dostarczone,0.0,0.05,248,28
817,2026-02-18,Dostarczone,0.0,0.05,207,7
818,2025-10-01,Dostarczone,0.15,0.05,454,9
819,2026-01-26,Zwrot,0.0,0.05,93,28
820,2025-09-12,Zwrot,0.0,0.05,309,2
821,2026-03-27,Dostarczone,0.0,0.05,173,14
822,2026-03-15,Zwrot,0.05,0.05,132,10
823,2025-07-12,Dostarczone,0.0,0.05,466,5
824,2025-07-29,Dostarczone,0.15,0.05,401,3
825,2025-12-05,Dostarczone,0.0,0.05,336,25
826,2025-11-02,Dostarczone,0.0,0.05,497,8
827,2025-10-11,Dostarczone,0.0,0.05,134,18
828,2025-08-24,Dostarczone,0.15,0.05,74,6
829,2025-12-06,Dostarczone,0.0,0.05,348,1
830,2026-02-06,Zwrot,0.0,0.05,451,21
831,2025-08-15,Dostarczone,0.0,0.05,260,1
832,2025-06-24,Dostarczone,0.2,0.05,318,1
833,2025-05-15,Dostarczone,0.0,0.05,389,3
834,2025-07-08,Dostarczone,0.0,0.05,212,2
835,2026-01-31,Dostarczone,0.0,0.05,426,25
836,2025-09-27,Dostarczone,0.0,0.05,160,14
837,2025-07-12,Dostarczone,0.0,0.05,459,14
838,2025-09-08,Dostarczone,0.25,0.05,305,9
839,2025-05-13,Dostarczone,0.0,0.05,117,6
840,2025-10-09,Zwrot,0.0,0.05,420,6
841,2026-01-25,Dostarczone,0.0,0.05,481,17
842,2025-12-20,Dostarczone,0.05,0.05,209,17
843,2025-06-23,Zwrot,0.0,0.05,38,20
844,2026-01-07,Dostarczone,0.05,0.05,221,22
845,2025-09-22,Dostarczone,0.15,0.05,376,5
846,2025-08-05,Dostarczone,0.0,0.05,88,4
847,2025-08-25,Dostarczone,0.0,0.05,276,15
848,2025-05-04,Dostarczone,0.1,0.05,295,12
849,2026-01-29,Dostarczone,0.2,0.05,487,20
850,2025-09-26,Dostarczone,0.0,0.05,133,5
851,2025-06-29,Dostarczone,0.0,0.05,239,16
852,2025-08-01,Dostarczone,0.0,0.05,305,19
853,2026-02-18,Dostarczone,0.0,0.05,53,11
854,2026-02-10,Dostarczone,0.05,0.05,327,29
855,2025-08-14,Dostarczone,0.0,0.05,241,3
856,2025-07-06,Dostarczone,0.0,0.05,436,6
857,2026-02-28,Dostarczone,0.0,0.05,219,13
858,2025-07-11,Dostarczone,0.05,0.05,350,25
859,2025-04-18,Dostarczone,0.0,0.05,356,18
860,2025-10-08,Dostarczone,0.05,0.05,273,11
861,2026-02-08,Dostarczone,0.0,0.05,40,29
862,2025-10-29,Dostarczone,0.2,0.05,105,2
863,2025-10-09,Dostarczone,0.0,0.05,353,15
864,2025-08-13,Dostarczone,0.1,0.05,149,8
865,2025-08-26,Dostarczone,0.0,0.05,155,9
866,2025-07-26,Dostarczone,0.0,0.05,260,8
867,2025-10-31,Dostarczone,0.0,0.05,207,13
868,2025-10-08,Dostarczone,0.0,0.05,232,22
869,2025-11-18,Dostarczone,0.0,0.05,384,2
870,2026-01-16,Dostarczone,0.0,0.05,48,23
871,2026-02-23,Dostarczone,0.05,0.05,173,26
872,2025-11-04,Dostarczone,0.0,0.05,65,10
873,2025-10-18,Dostarczone,0.2,0.05,134,24
874,2025-11-22,Dostarczone,0.0,0.05,400,17
875,2025-11-02,Dostarczone,0.0,0.05,82,28
876,2025-05-15,Zwrot,0.0,0.05,93,9
877,2026-02-07,Dostarczone,0.0,0.05,136,1
878,2025-04-28,Dostarczone,0.0,0.05,39,19
879,2025-07-05,Dostarczone,0.0,0.05,28,23
880,2025-12-19,Dostarczone,0.0,0.05,48,19
881,2026-01-08,Dostarczone,0.05,0.05,425,19
882,2025-05-10,Dostarczone,0.0,0.05,259,13
883,2025-12-13,Dostarczone,0.0,0.05,233,28
884,2025-06-15,Dostarczone,0.0,0.05,103,1
885,2026-03-16,Zwrot,0.05,0.05,223,6
886,2025-09-10,Dostarczone,0.0,0.05,315,10
887,2026-02-08,Dostarczone,0.05,0.05,221,1
888,2025-05-17,Dostarczone,0.0,0.05,211,23
889,2025-11-25,Dostarczone,0.0,0.05,482,5
890,2026-01-25,Dostarczone,0.0,0.05,264,25
891,2025-09-04,Dostarczone,0.0,0.05,405,6
892,2025-10-01,Dostarczone,0.05,0.05,480,2
893,2025-06-19,Dostarczone,0.05,0.05,421,26
894,2026-02-14,Dostarczone,0.0,0.05,361,25
895,2026-02-08,Dostarczone,0.0,0.05,348,21
896,2026-03-14,Zwrot,0.0,0.05,482,5
897,2025-10-14,Dostarczone,0.0,0.05,304,20
898,2025-06-06,Dostarczone,0.0,0.05,116,25
899,2025-04-27,Dostarczone,0.0,0.05,249,25
900,2025-06-18,Dostarczone,0.0,0.05,413,3
901,2025-07-17,Dostarczone,0.0,0.05,442,5
902,2025-06-13,Dostarczone,0.0,0.05,455,27
903,2026-01-19,Dostarczone,0.0,0.05,24,14
904,2025-09-30,Dostarczone,0.0,0.05,87,15
905,2026-02-26,Dostarczone,0.05,0.05,455,11
906,2025-05-05,Dostarczone,0.0,0.05,92,26
907,2026-02-04,Dostarczone,0.05,0.05,134,8
908,2026-01-26,Dostarczone,0.0,0.05,184,16
909,2025-12-10,Dostarczone,0.0,0.05,298,9
910,2025-05-31,Dostarczone,0.0,0.05,71,5
911,2025-10-10,Dostarczone,0.0,0.05,124,1
912,2026-01-12,Dostarczone,0.0,0.05,163,24
913,2026-03-15,Dostarczone,0.0,0.05,122,15
914,2025-10-11,Dostarczone,0.0,0.05,374,16
915,2025-09-22,Dostarczone,0.0,0.05,202,5
916,2025-09-15,Dostarczone,0.0,0.05,251,20
917,2025-08-14,Dostarczone,0.0,0.05,283,15
918,2025-06-20,Dostarczone,0.0,0.05,323,22
919,2026-02-15,Zwrot,0.0,0.05,369,11
920,2025-05-22,Dostarczone,0.0,0.05,119,21
921,2025-11-15,Dostarczone,0.0,0.05,54,21
922,2025-04-25,Dostarczone,0.0,0.05,350,4
923,2025-11-07,Dostarczone,0.0,0.05,329,1
924,2025-05-27,Dostarczone,0.0,0.05,392,9
925,2025-08-06,Dostarczone,0.0,0.05,482,13
926,2025-06-14,Dostarczone,0.0,0.05,148,14
927,2025-10-01,Dostarczone,0.0,0.05,344,27
928,2025-09-26,Dostarczone,0.0,0.05,123,16
929,2026-02-03,Dostarczone,0.0,0.05,279,16
930,2026-02-23,Zwrot,0.0,0.05,325,19
931,2026-03-20,Dostarczone,0.0,0.05,440,27
932,2025-06-18,Dostarczone,0.15,0.05,220,29
933,2026-01-09,Dostarczone,0.0,0.05,236,11
934,2025-07-11,Dostarczone,0.0,0.05,161,5
935,2025-10-24,Dostarczone,0.1,0.05,342,13
936,2025-10-19,Dostarczone,0.0,0.05,475,10
937,2025-09-15,Dostarczone,0.2,0.05,273,19
938,2025-10-20,Dostarczone,0.0,0.05,243,17
939,2026-01-01,Dostarczone,0.15,0.05,295,18
940,2026-01-08,Dostarczone,0.0,0.05,387,30
941,2025-08-26,Dostarczone,0.05,0.05,25,13
942,2025-11-13,Dostarczone,0.0,0.05,230,16
943,2025-10-15,Dostarczone,0.0,0.05,394,16
944,2025-06-07,Zwrot,0.1,0.05,127,12
945,2025-12-16,Dostarczone,0.0,0.05,362,14
946,2026-01-03,Zwrot,0.0,0.05,355,2
947,2025-12-30,Dostarczone,0.0,0.05,46,13
948,2025-06-10,Dostarczone,0.0,0.05,486,19
949,2026-03-17,Zwrot,0.0,0.05,144,23
950,2025-11-30,Dostarczone,0.05,0.05,117,15
951,2025-09-14,Dostarczone,0.0,0.05,235,15
952,2025-06-27,Dostarczone,0.0,0.05,125,29
953,2026-03-15,Dostarczone,0.0,0.05,451,4
954,2026-01-07,Dostarczone,0.0,0.05,163,1
955,2025-11-05,Dostarczone,0.15,0.05,446,13
956,2026-02-09,Dostarczone,0.0,0.05,280,30
957,2025-07-22,Dostarczone,0.0,0.05,448,1
958,2026-02-26,Zwrot,0.0,0.05,390,29
959,2025-09-21,Dostarczone,0.1,0.05,58,27
960,2025-10-08,Dostarczone,0.0,0.05,226,9
961,2025-05-31,Dostarczone,0.05,0.05,342,22
962,2025-08-12,Dostarczone,0.0,0.05,346,20
963,2025-09-03,Dostarczone,0.0,0.05,87,14
964,2025-10-29,Dostarczone,0.0,0.05,103,5
965,2025-05-04,Dostarczone,0.0,0.05,296,17
966,2025-12-27,Dostarczone,0.0,0.05,87,2
967,2026-04-04,Dostarczone,0.15,0.05,168,23
968,2025-05-28,Dostarczone,0.0,0.05,42,24
969,2025-11-23,Zwrot,0.0,0.05,364,28
970,2025-07-10,Dostarczone,0.0,0.05,423,17
971,2026-03-07,Dostarczone,0.0,0.05,310,23
972,2026-01-09,Dostarczone,0.0,0.05,99,10
973,2025-06-14,Zwrot,0.0,0.05,24,17
974,2026-01-01,Dostarczone,0.0,0.05,78,17
975,2025-07-02,Dostarczone,0.0,0.05,259,17
976,2026-01-13,Dostarczone,0.0,0.05,194,3
977,2025-09-15,Dostarczone,0.0,0.05,14,26
978,2025-07-20,Dostarczone,0.1,0.05,81,28
979,2025-08-15,Dostarczone,0.0,0.05,489,24
980,2025-07-17,Dostarczone,0.0,0.05,475,20
981,2025-09-19,Zwrot,0.0,0.05,495,24
982,2026-02-07,Dostarczone,0.0,0.05,112,30
983,2025-05-12,Dostarczone,0.05,0.05,99,9
984,2025-11-23,Dostarczone,0.25,0.05,183,20
985,2026-03-07,Zwrot,0.0,0.05,5,30
986,2025-12-06,Dostarczone,0.1,0.05,113,27
987,2025-08-26,Dostarczone,0.0,0.05,45,20
988,2025-06-25,Dostarczone,0.0,0.05,79,13
989,2025-06-09,Dostarczone,0.0,0.05,438,21
990,2025-08-30,Dostarczone,0.0,0.05,306,21
991,2025-09-18,Dostarczone,0.0,0.05,120,29
992,2026-01-20,Dostarczone,0.0,0.05,286,19
993,2025-09-28,Dostarczone,0.0,0.05,112,14
994,2025-07-13,Dostarczone,0.0,0.05,355,13
995,2025-10-15,Dostarczone,0.0,0.05,1,25
996,2026-02-13,Dostarczone,0.0,0.05,271,16
997,2026-01-22,Dostarczone,0.0,0.05,43,19
998,2025-06-18,Dostarczone,0.0,0.05,43,3
999,2025-11-26,Dostarczone,0.25,0.05,196,1
1000,2025-07-31,Dostarczone,0.1,0.05,383,4
1001,2026-04-05,Dostarczone,0.0,0.05,17,24
1002,2026-04-05,Zwrot,0.0,0.05,326,18
1003,2026-04-05,Dostarczone,0.0,0.05,359,13
1004,2026-04-05,Dostarczone,0.0,0.05,495,12
1005,2026-04-05,Dostarczone,0.05,0.05,318,8
1006,2026-04-05,Dostarczone,0.0,0.05,69,27
1007,2026-04-05,Dostarczone,0.0,0.05,375,28
1008,2026-04-05,Dostarczone,0.0,0.05,93,10
1009,2026-04-05,Dostarczone,0.0,0.05,382,20
1010,2026-04-05,Dostarczone,0.05,0.05,335,4
1011,2026-04-05,Dostarczone,0.0,0.05,127,2
1012,2026-04-05,Dostarczone,0.0,0.05,66,13
1013,2026-04-05,Dostarczone,0.0,0.05,397,9
1014,2026-04-05,Dostarczone,0.0,0.05,319,17
1015,2026-04-05,Zwrot,0.0,0.05,137,30
1016,2026-04-05,Dostarczone,0.0,0.05,462,25
1017,2026-04-05,Zwrot,0.05,0.05,209,8
1018,2026-04-05,Dostarczone,0.0,0.05,257,11
1019,2026-04-05,Dostarczone,0.0,0.05,95,30
1020,2026-04-06,Dostarczone,0.0,0.05,450,29
1021,2026-04-06,Dostarczone,0.0,0.05,267,14
1022,2026-04-06,Dostarczone,0.0,0.05,218,16
1023,2026-04-06,Dostarczone,0.05,0.05,466,24
1024,2026-04-06,Dostarczone,0.0,0.05,283,23
1025,2026-04-06,Dostarczone,0.0,0.05,85,24
1026,2026-04-06,Dostarczone,0.05,0.05,396,13
1027,2026-04-06,Dostarczone,0.0,0.05,343,21
1028,2026-04-06,Dostarczone,0.0,0.05,271,18
1029,2026-04-06,Dostarczone,0.0,0.05,225,19
1030,2026-04-06,Zwrot,0.0,0.05,152,1
1031,2026-04-06,Dostarczone,0.0,0.05,400,28
1032,2026-04-06,Dostarczone,0.05,0.05,100,6
1033,2026-04-06,Dostarczone,0.0,0.05,404,23
1034,2026-04-06,Dostarczone,0.0,0.05,504,6
1035,2026-04-06,Dostarczone,0.0,0.05,194,3
1036,2026-04-06,Dostarczone,0.05,0.05,145,4
1037,2026-04-06,Zwrot,0.0,0.05,264,2
1038,2026-04-07,Dostarczone,0.0,0.05,237,30
1039,2026-04-07,Dostarczone,0.0,0.05,271,5
1040,2026-04-07,Zwrot,0.0,0.05,195,18
1041,2026-04-07,Dostarczone,0.0,0.05,94,27
1042,2026-04-07,Dostarczone,0.0,0.05,486,2
1043,2026-04-07,Dostarczone,0.05,0.05,53,3
1044,2026-04-08,Dostarczone,0.0,0.05,164,30
1045,2026-04-08,Dostarczone,0.0,0.05,484,28
1046,2026-04-08,Dostarczone,0.05,0.05,383,20
1047,2026-04-08,Dostarczone,0.05,0.05,22,20
1048,2026-04-08,Dostarczone,0.0,0.05,8,7
1049,2026-04-08,Dostarczone,0.0,0.05,277,23
1050,2026-04-08,Dostarczone,0.0,0.05,441,7
1051,2026-04-08,Dostarczone,0.05,0.05,474,5
1052,2026-04-08,Zwrot,0.0,0.05,246,5
1053,2026-04-08,Zwrot,0.0,0.05,372,28
1054,2026-04-08,Dostarczone,0.0,0.05,488,18
1055,2026-04-08,Dostarczone,0.05,0.05,2,7
1056,2026-04-08,Dostarczone,0.0,0.05,9,22
1057,2026-04-08,Dostarczone,0.0,0.05,87,18
1058,2026-04-09,Dostarczone,0.0,0.05,498,5
1059,2026-04-09,Dostarczone,0.2,0.05,5,23
1060,2026-04-09,Dostarczone,0.0,0.05,128,1
1061,2026-04-09,Dostarczone,0.0,0.05,21,3
1062,2026-04-09,Dostarczone,0.0,0.05,55,3
1063,2026-04-09,Dostarczone,0.0,0.05,225,4
1064,2026-04-09,Dostarczone,0.0,0.05,394,10
1065,2026-04-09,Dostarczone,0.1,0.05,25,26
1066,2026-04-09,Dostarczone,0.05,0.05,512,7
1067,2026-04-09,Dostarczone,0.0,0.05,376,30
1068,2026-04-09,Dostarczone,0.0,0.05,376,20
1069,2026-04-10,Dostarczone,0.0,0.05,41,11
1070,2026-04-10,Dostarczone,0.0,0.05,204,14
1071,2026-04-10,Dostarczone,0.0,0.05,518,3
1072,2026-04-10,Dostarczone,0.0,0.05,363,27
1073,2026-04-10,Dostarczone,0.0,0.05,201,7
1074,2026-04-10,Dostarczone,0.0,0.05,87,28
1075,2026-04-10,Dostarczone,0.1,0.05,464,3
1076,2026-04-10,Dostarczone,0.0,0.05,316,9
1077,2026-04-10,Dostarczone,0.05,0.05,141,17
1078,2026-04-10,Dostarczone,0.0,0.05,445,7
1079,2026-04-10,Dostarczone,0.0,0.05,361,23
1080,2026-04-10,Dostarczone,0.0,0.05,295,13
1081,2026-04-10,Dostarczone,0.0,0.05,139,10
1082,2026-04-10,Dostarczone,0.0,0.05,79,6
1083,2026-04-11,Dostarczone,0.0,0.05,492,5
1084,2026-04-11,Dostarczone,0.0,0.05,504,15
1085,2026-04-11,Dostarczone,0.0,0.05,39,27
1086,2026-04-11,Dostarczone,0.0,0.05,264,30
1087,2026-04-11,Dostarczone,0.0,0.05,344,24
1088,2026-04-11,Dostarczone,0.0,0.05,75,5
1089,2026-04-12,Dostarczone,0.05,0.05,387,3
1090,2026-04-12,Dostarczone,0.0,0.05,386,9
1091,2026-04-12,Dostarczone,0.0,0.05,15,30
1092,2026-04-12,Dostarczone,0.05,0.05,217,28
1093,2026-04-12,Dostarczone,0.15,0.05,335,27
1094,2026-04-13,Dostarczone,0.0,0.05,155,10
1095,2026-04-13,Dostarczone,0.0,0.05,504,7
1096,2026-04-13,Dostarczone,0.15,0.05,378,17
1097,2026-04-13,Dostarczone,0.1,0.05,501,21
1098,2026-04-13,Dostarczone,0.0,0.05,285,14
1099,2026-04-13,Dostarczone,0.0,0.05,444,22
1100,2026-04-13,Dostarczone,0.0,0.05,496,18
1101,2026-04-13,Dostarczone,0.0,0.05,302,26
1102,2026-04-13,Dostarczone,0.2,0.05,496,10
1103,2026-04-13,Dostarczone,0.0,0.05,297,1
1104,2026-04-13,Dostarczone,0.0,0.05,181,8
1105,2026-04-14,Dostarczone,0.0,0.05,300,13
1106,2026-04-14,Dostarczone,0.0,0.05,143,17
1107,2026-04-14,Dostarczone,0.0,0.05,524,4
1108,2026-04-14,Dostarczone,0.0,0.05,2,19
1109,2026-04-14,Dostarczone,0.0,0.05,121,5
1110,2026-04-14,Dostarczone,0.0,0.05,75,19
1111,2026-04-14,Dostarczone,0.0,0.05,266,9
1112,2026-04-14,Dostarczone,0.0,0.05,509,26
1113,2026-04-14,Dostarczone,0.0,0.05,234,6
1114,2026-04-14,Dostarczone,0.05,0.05,154,27
1115,2026-04-14,Dostarczone,0.05,0.05,346,29
1116,2026-04-14,Dostarczone,0.0,0.05,75,17
1117,2026-04-15,Dostarczone,0.0,0.05,469,21
1118,2026-04-15,Dostarczone,0.05,0.05,360,11
1119,2026-04-15,Dostarczone,0.0,0.05,17,18
1120,2026-04-15,Dostarczone,0.0,0.05,122,28
1121,2026-04-15,Dostarczone,0.0,0.05,123,28
1122,2026-04-15,Dostarczone,0.0,0.05,38,6
1123,2026-04-15,Dostarczone,0.0,0.05,182,27
1124,2026-04-15,Dostarczone,0.0,0.05,73,19
1125,2026-04-15,Dostarczone,0.0,0.05,448,19
1126,2026-04-15,Dostarczone,0.05,0.05,31,30
1127,2026-04-15,Dostarczone,0.0,0.05,400,20
1128,2026-04-15,Dostarczone,0.0,0.05,275,17
1129,2026-04-16,Dostarczone,0.0,0.05,258,24
1130,2026-04-16,Dostarczone,0.0,0.05,310,2
1131,2026-04-16,Dostarczone,0.0,0.05,103,1
1132,2026-04-17,Wysłane,0.0,0.05,404,14
1133,2026-04-17,Wysłane,0.0,0.05,140,19
1134,2026-04-17,Wysłane,0.1,0.05,160,14
1135,2026-04-17,Wysłane,0.0,0.05,470,29
1136,2026-04-18,Wysłane,0.0,0.05,469,28
1137,2026-04-18,Wysłane,0.0,0.05,120,28
1138,2026-04-18,Wysłane,0.15,0.05,421,29
1139,2026-04-18,Wysłane,0.0,0.05,209,1
1140,2026-04-18,Wysłane,0.0,0.05,338,14
1141,2026-04-18,Wysłane,0.0,0.05,497,24
1142,2026-04-19,Wysłane,0.0,0.05,305,4
1143,2026-04-19,Wysłane,0.0,0.05,95,9
1144,2026-04-19,Wysłane,0.0,0.05,390,27
1145,2026-04-19,Wysłane,0.1,0.05,126,1
1146,2026-04-19,Wysłane,0.05,0.05,39,28
1147,2026-04-19,Wysłane,0.05,0.05,37,10
1148,2026-04-19,Wysłane,0.15,0.05,517,22
1149,2026-04-19,Wysłane,0.1,0.05,32,24
1150,2026-04-19,Wysłane,0.0,0.05,394,18
1151,2026-04-19,Wysłane,0.05,0.05,20,6
1152,2026-04-19,Wysłane,0.05,0.05,401,13
1153,2026-04-19,Wysłane,0.0,0.05,358,22
1154,2026-04-19,Wysłane,0.05,0.05,421,9
1155,2026-04-19,Wysłane,0.0,0.05,357,17
1156,2026-04-19,Wysłane,0.0,0.05,166,22
1157,2026-04-19,Wysłane,0.0,0.05,539,29
1158,2026-04-19,Wysłane,0.0,0.05,211,1
1159,2026-04-19,Wysłane,0.0,0.05,361,27
1160,2026-04-19,Wysłane,0.0,0.05,490,29
1161,2026-04-19,Wysłane,0.1,0.05,206,16
1162,2026-04-20,Wysłane,0.0,0.05,467,1
1163,2026-04-20,Wysłane,0.15,0.05,481,29
1164,2026-04-20,Wysłane,0.0,0.05,289,11
1165,2026-04-20,Wysłane,0.0,0.05,178,6
1166,2026-04-20,Wysłane,0.05,0.05,484,17
1167,2026-04-20,Wysłane,0.0,0.05,357,27
1168,2026-04-20,Wysłane,0.0,0.05,418,26
1169,2026-04-20,Wysłane,0.0,0.05,253,11
1170,2026-04-20,Wysłane,0.0,0.05,439,13
1171,2026-04-20,Wysłane,0.2,0.05,187,7
1172,2026-04-20,Wysłane,0.05,0.05,450,29
1173,2026-04-20,Wysłane,0.0,0.05,202,16
1174,2026-04-20,Wysłane,0.0,0.05,78,17
1175,2026-04-21,Wysłane,0.0,0.05,147,13
1176,2026-04-21,Wysłane,0.15,0.05,511,28
1177,2026-04-21,Wysłane,0.05,0.05,262,19
1178,2026-04-21,Wysłane,0.0,0.05,38,5
1179,2026-04-21,Wysłane,0.1,0.05,327,25
1180,2026-04-21,Wysłane,0.0,0.05,126,26
1181,2026-04-21,Wysłane,0.0,0.05,424,2
1182,2026-04-21,Wysłane,0.0,0.05,195,24
1183,2026-04-21,Wysłane,0.05,0.05,135,11
1184,2026-04-22,Nowe,0.0,0.05,112,13
1185,2026-04-22,Nowe,0.0,0.05,70,2
1186,2026-04-22,Nowe,0.05,0.05,481,16
1187,2026-04-22,Nowe,0.0,0.05,43,27
1188,2026-04-22,Nowe,0.0,0.05,460,11
1189,2026-04-22,Nowe,0.0,0.05,3,26
1190,2026-04-22,Nowe,0.0,0.05,150,19
1191,2026-04-22,Nowe,0.0,0.05,356,8
1192,2026-04-22,Nowe,0.0,0.05,205,19
1193,2026-04-22,Nowe,0.0,0.05,257,20
1194,2026-04-22,Nowe,0.0,0.05,339,17
1195,2026-04-22,Nowe,0.05,0.05,28,12
1196,2026-04-22,Nowe,0.0,0.05,432,20
1197,2026-04-23,Nowe,0.0,0.05,236,1
1198,2026-04-23,Nowe,0.0,0.05,196,10
1199,2026-04-23,Nowe,0.0,0.05,270,14
1200,2026-04-23,Nowe,0.0,0.05,35,12
1201,2026-04-23,Nowe,0.0,0.05,121,18
1202,2026-04-23,Nowe,0.0,0.05,158,19
1203,2026-04-23,Nowe,0.05,0.05,529,17
1204,2026-04-23,Nowe,0.0,0.05,126,29
1205,2026-04-23,Nowe,0.0,0.05,393,15
1206,2026-04-23,Nowe,0.0,0.05,436,21
1207,2026-04-23,Nowe,0.0,0.05,269,16
1208,2026-04-24,Nowe,0.0,0.05,532,12
1209,2026-04-24,Nowe,0.0,0.05,563,18
1210,2026-04-24,Nowe,0.0,0.05,454,2
1211,2026-04-24,Nowe,0.0,0.05,303,15
1212,2026-04-24,Nowe,0.0,0.05,264,18
1213,2026-04-24,Nowe,0.0,0.05,226,28
1214,2026-04-24,Nowe,0.0,0.05,516,23
1215,2026-04-24,Nowe,0.0,0.05,296,12
